iekey,string,
generationno,int,
ieitno,int,
dtofent,string,
itemcashmcd,"decimal(22,2)",
itemcstmsval,"decimal(22,2)",
itemdefdmcd,"decimal(22,2)",
itemgrsmass,"decimal(22,2)",
itemprcac,"decimal(22,2)",
itemprc,"decimal(22,2)",
itemvaladjt,"decimal(22,2)",
itvallcnc,"decimal(22,2)",
capind,string,
qtano,string,
qtasta,string,
lidocdecln,string,
ctdocdecln,string,
uoqcode,string,
valadjtcode,string,
valmthdcode,string,
ieitrevpayimp,"decimal(22,2)",
ieitdutysusp,"decimal(22,2)",
ieitdutysecd,"decimal(22,2)",
ieitvatpost,"decimal(22,2)",
firschid,string,
firschauth,string,
firschlcoref,string,
firschlcoyr,string,
scndschid,string,
scndschauth,string,
scndschlcoref,string,
scndschlcoyr,string,
itemstatval,"decimal(22,2)",
ecsu1,string,
ecsu2,string,
li1,string,
li2,string,
li3,string,
cpcpfc,string,
cpcpfctofc,string,
cpcwhse,string,
fafbreachind,string,
fafrefprice,"decimal(22,2)",
fecitemsta,string,
fecqvq1sta,string,
fecqvq2sta,string,
gpieitinds,string,
itvalcapmip,"decimal(22,2)",
pdty,string,
preference,string,
ptnladd,string,
ptnlexc,string,
ptnllevy,string,
ptnlpref,string,
qtacodeuk,string,
ibgdsorig,string,
ibrecipecode,string,
ieitexportchge,"decimal(22,2)",
ieitrfndpay,"decimal(22,2)",
tecsinterestind,string,
tecsselection,string,
gdsdesc,string,
gdsdesclng,string,
undgcode,string,
itemdispcntry,string,
itrptchgemop,string,
itemcnsgraeocerttycd,string,
itemcnsgraeonatauthno,string,
da_iv_id,string,
edh_da_file_date,string,
standard_edh_da_file_date,string,
edh_da_sequence_number,string,
edh_da_load_date,string,
edh_da_health_warning,string,
edh_da_purge_date,string,
standard_dtofent,string,
