<assembly xmlns="http://maven.apache.org/plugins/maven-assembly-plugin/assembly/1.1.3"
          xmlns:xsi="http://www.w3.org/2001/XMLSchema-instance"
          xsi:schemaLocation="http://maven.apache.org/plugins/maven-assembly-plugin/assembly/1.1.3 http://maven.apache.org/xsd/assembly-1.1.3.xsd">
    
    <id>e2e</id>
    <formats>
        <format>jar</format>
    </formats>
    <includeBaseDirectory>false</includeBaseDirectory>
    
    <fileSets>
        <fileSet>
            <directory>${basedir}/target/test-classes</directory>
            <includes>
                <include>searchdataingest/**</include>
            </includes>
            <outputDirectory>/</outputDirectory>
        </fileSet>
    </fileSets>

    <dependencySets>
        <dependencySet>
            <includes>
                <include>commons-io:commons-io</include>
            </includes>
            <outputDirectory>lib</outputDirectory>
        </dependencySet>
    </dependencySets>


</assembly>