iekey,string,
clrncdate,string,
atrptcostac,"decimal(22,2)",
atrptdedn,"decimal(22,2)",
atrptcost,"decimal(22,2)",
ocdcrrn,string,
defexcmcd,"decimal(22,2)",
defnexcmcd,"decimal(22,2)",
defvatmcd,"decimal(22,2)",
entgrsmass,"decimal(22,2)",
enttotrev,"decimal(22,2)",
farpcode,string,
firdan,string,
firdanpfx,string,
firdantotal,"decimal(22,2)",
scnddan,string,
scnddanpfx,string,
scnddantotal,"decimal(22,2)",
frgtaprtcode,string,
frgtchgeac,"decimal(22,2)",
frgtchge,"decimal(22,2)",
frgtcrrn,string,
gconturn,string,
gdsarrdecln,string,
gdsarrdate,string,
gdslocn,string,
gvsepuno,string,
gvssno,string,
gvsvalmthd,string,
ics,string,
immrev,"decimal(22,2)",
totagysec,"decimal(22,2)",
ietotimpsec,"decimal(22,2)",
immmcd,"decimal(22,2)",
insamtcrrn,string,
insamtac,"decimal(22,2)",
insamt,"decimal(22,2)",
invcrrn,string,
invdamtac,"decimal(22,2)",
invdamt,"decimal(22,2)",
invdamtcrrn,string,
invdpct,"decimal(22,2)",
invtotac,"decimal(22,2)",
invycnsgtref,string,
lcncvalue,"decimal(22,2)",
ienetmasstot,"decimal(22,2)",
netinvprc,"decimal(22,2)",
ocdac,"decimal(22,2)",
ocd,"decimal(22,2)",
pectrloff,string,
pehashtot,"decimal(22,2)",
qtaonent,string,
shedopid,string,
statvalue,"decimal(22,2)",
tdrownrefent8,string,
vatvalue,"decimal(22,2)",
totpkgs,"decimal(22,2)",
trptcntry,string,
trptmodecode,string,
valdecln,string,
valorpct,string,
vatadjtac,"decimal(22,2)",
vatadjtcrrn,string,
vatadjt,"decimal(22,2)",
dtblchge,"decimal(22,2)",
cntrcode,string,
generationno,"decimal(22,2)",
ievrno,"decimal(22,2)",
bimpcnt,"decimal(22,2)",
mrccnt,"decimal(22,2)",
iestatind,"decimal(22,2)",
capind,string,
totcapchgs,"decimal(22,2)",
totexcise,"decimal(22,2)",
fasrar,string,
firdanrar,string,
scnddanrar,string,
agtssctyrar,string,
impssctyrar,string,
amdtdate,string,
cacused,string,
cancelledcode,string,
clrncmthd,string,
collncode,string,
dasaccgdate,string,
ddswkgdate,string,
decltinp,string,
dischoutcnt,"decimal(22,2)",
enttotrevorig,"decimal(22,2)",
feccodresp,string,
feccodsta,string,
fecportresp,string,
fecportsta,string,
fectrptresp,string,
fectrptsta,string,
firdefsno,"decimal(22,2)",
gdslocninp,string,
gdsreldate,string,
icsdate,string,
icsovrrsn,string,
ieamdtind,string,
iebimpind,string,
iecancnrfdind,string,
iecancnreqind,string,
iecartaxind,string,
iedetnind,string,
iedtysusp,string,
ieentrydvrtd,string,
iefecind,string,
ieg3rqd,string,
ielairqd,string,
ienegrevind,string,
iepaytreq,string,
iepcagen,string,
ieprefclaim,string,
ieprldgind,string,
iequeries,string,
iequeryind,string,
ieroe1mand,string,
ieroe2mand,string,
iestored,string,
ietdrunreg,string,
ievolamdt,string,
iewhseent,string,
inpdate,string,
intdcldate,string,
intdics,string,
dpctinp,string,
invsyscode,string,
involamend,string,
ipruse,string,
irc,string,
ldgtdate,string,
provacptdate,string,
roediverted,string,
roe2xmpt,string,
scnddefsno,"decimal(22,2)",
stattfrdt,string,
tdrpresdate,string,
tmtoclr,string,
trptmodeinld,string,
accgday,"decimal(22,2)",
immedrevsno,"decimal(22,2)",
ibregno,string,
reducegteeind,string,
pwnotfnno,"decimal(22,2)",
fasovrlmtind,string,
gdslocncc,string,
gdslocnsfx,string,
carriername,string,
declncrrn,string,
euarrlocncode,string,
intdarrtsmp,string,
notifyturncc,string,
notifyturn,string,
trptchgemop,string,
plaldgcode,string,
trptid,string,
acptncrptsrqd,string,
alvdecisionno,"decimal(22,2)",
alvdsnpending,string,
alvinvolved,string,
alvmanualactn,string,
alvverno,"decimal(22,2)",
cstmchkdone,string,
cstmchkpend,string,
invymismatchovr,string,
neioutput,string,
ogdroe,string,
ogdroesuffix,string,
ogsexception,string,
overridedelay,string,
rlsvaliduntil,string,
traderoe,string,
gdslocndec,string,
decltaeocerttycd,string,
decltaeonatauthno,string,
cnsgeaeocerttycd,string,
cnsgeaeonatauthno,string,
da_iv_id,string,
edh_da_file_date,string,
standard_edh_da_file_date,string,
edh_da_sequence_number,string,
edh_da_load_date,string,
edh_da_health_warning,string,
edh_da_purge_date,string,
standard_clrncdate,string,
standard_gdsarrdate,string,
standard_amdtdate,string,
standard_dasaccgdate,string,
standard_ddswkgdate,string,
standard_gdsreldate,string,
standard_icsdate,string,
standard_inpdate,string,
standard_intdcldate,string,
standard_ldgtdate,string,
standard_provacptdate,string,
standard_tdrpresdate,string,
