<?xml version="1.0" encoding="UTF-8"?>
<configuration>
    <include resource="org/springframework/boot/logging/logback/defaults.xml" />
    <property name="LOG_FILE" value="${LOG_FILE:-${LOG_PATH:-${LOG_TEMP:-${java.io.tmpdir:-/tmp}}}/spring.log}"/>
    <include resource="org/springframework/boot/logging/logback/file-appender.xml" />

    <appender name="LOGSTASH" class="net.logstash.logback.appender.LogstashTcpSocketAppender">

        <destination>${LOGSTASH_DESTINATION:-localhost}</destination>

        <reconnectionDelay>1 second</reconnectionDelay>

        <encoder class="net.logstash.logback.encoder.LogstashEncoder">
            <customFields>{
                "container_id": "${HOSTNAME}",
                "app_identifier": "customs-search-service"
            }</customFields>

            <fieldNames>
                <timestamp>client_timestamp</timestamp>
            </fieldNames>
        </encoder>
    </appender>

    <root>
        <appender-ref ref="FILE" />
        <appender-ref ref="LOGSTASH" />
    </root>
    
    <springProfile name="e2e">
        <include resource="org/springframework/boot/logging/logback/console-appender.xml" />
        <root level="INFO">
            <appender-ref ref="CONSOLE" />
        </root>
    </springProfile>
</configuration>
