{
  "$schema": "http://json-schema.org/draft-04/schema#",
  "id" :"resource:/schema/error.json#",
  "title": "error response",
  "description": "JSON schema for error response",
  "type": "object",
  "properties": {
    "error": {
      "$ref": "#/definitions/errorDetails",
      "description": "Error details."
    }
  },
  "required": [
    "error"
  ],
  "additionalProperties": false,
  "definitions": {
    "errorDetails": {
      "type": "object",
      "properties": {
        "code": {
          "type": "string"
        },
        "type": {
          "type": "string"
        },
        "message": {
          "type": "string"
        }
      },
      "additionalProperties": false,
      "required": [
        "message"
      ]
    }
  }
}