iekey,string,
ieitno,string,
clrncdate,string,
itecccode,string,
cstuncode,string,
cccategoryref,string,
chktype,string,
ccclass,string,
ccdeclt,string,
ccgcon,string,
ccgenpost,string,
ccgenpre,string,
ccimptr,string,
cclaireqd,string,
mic,string,
ccmicreqd,string,
ccneireqd,string,
ccpayagnt,string,
pcagpcode,string,
ccpostdflt,string,
ccrcon,string,
roe,string,
micovrrsn1,string,
micovrrsn2,string,
alvmanualactn,string,
cccategory,string,
cstmchkdone,string,
decisioncode,string,
profid,string,
reasonexists,string,
rlsvaliduntil,string,
da_iv_id,string,
edh_da_file_date,string,
standard_edh_da_file_date,string,
edh_da_sequence_number,string,
edh_da_load_date,string,
edh_da_health_warning,string,
edh_da_purge_date,string,
standard_clrncdate,string,
standard_rlsvaliduntil,string,
