<?xml version="1.0" encoding="UTF-8"?>

<resourceDoc><classDocs><classDoc><className>uk.gov.gsi.hmrc.cds.search.api.resources.DeclarationResource</className><commentText><![CDATA[Declaration Resource]]></commentText><methodDocs><methodDoc><methodName>getDeclarationData</methodName><commentText><![CDATA[Get declaration for given declarationId]]></commentText><responseDoc><returnDoc>declaration data</returnDoc><representations><representation
                                status="200"
                                mediaType="application/vnd.hmrc.cds.v1.declaration+json"><doc>The request for the message succeeded</doc></representation><representation
                                status="400"
                                mediaType="application/json"><doc>The submitted request is invalid.</doc></representation><representation
                                status="404"
                                mediaType="application/json"><doc>The declaration not found</doc></representation></representations></responseDoc><paramDocs><paramDoc><paramName>declarationId</paramName><commentText><![CDATA[DeclarationId]]></commentText><annotationDocs><annotationDoc><annotationTypeName>javax.ws.rs.QueryParam</annotationTypeName><attributes><attribute><name>value</name><value>declarationId</value></attribute></attributes></annotationDoc></annotationDocs></paramDoc></paramDocs></methodDoc></methodDocs></classDoc><classDoc><className>uk.gov.gsi.hmrc.cds.search.api.resources.DocumentationResource</className><commentText><![CDATA[Documentation]]></commentText><methodDocs><methodDoc><methodName>getDocumentationAsHTML</methodName><commentText><![CDATA[Returns jersey wadl response as html styled with the swagger stylesheet.]]></commentText><responseDoc><returnDoc>The customer data</returnDoc><representations><representation
                                status="200" mediaType="text/html"><doc>The request for the message succeeded</doc></representation></representations></responseDoc></methodDoc><methodDoc><methodName>getSchema</methodName><commentText><![CDATA[]]></commentText><responseDoc/></methodDoc></methodDocs></classDoc></classDocs></resourceDoc>
