iekey,string,
generationno,int,
ieitno,int,
dtofent,string,
cmdtycode,string,
cpc,string,
origcntry,string,
tariffchap,string,
cstmitetotrfd,"decimal(22,2)",
ieitcdutypaid,"decimal(22,2)",
ieitvatpaid,"decimal(22,2)",
itemnetmass,"decimal(22,2)",
itemstatvaldc,"decimal(22,2)",
itemsuppunits,"decimal(22,2)",
itemthrdqty,"decimal(22,2)",
itemvatval,"decimal(22,2)",
ogditetotrfnd,"decimal(22,2)",
itemimptrturncc,string,
itemimptrturn,string,
itemcnsgrturncc,string,
itemcnsgrturn,string,
itemdestcntry,string,
da_iv_id,string,
edh_da_file_date,string,
standard_edh_da_file_date,string,
edh_da_sequence_number,string,
edh_da_load_date,string,
edh_da_health_warning,string,
edh_da_purge_date,string,
standard_dtofent,string,
