{
  "declarationId": "200000000000000000001",
  "epuNumber": "120",
  "entryNumber": "881419g",
  "entryDate": "2016-10-19 14:41:26.36",
  "route": "H",
  "dispatchCountry": "JM",
  "consigneeTurn": "165051596168",
  "consignorTurn": "218508797904",
  "goodsLocation": "BHX",
  "transportModeCode": "4",
  "consignorName": "Header NAD name",
  "consignorPostcode": "HN4 0PC",
  "lines": [
    {
      "declarationId": "200000000000000000001",
      "itemNumber": 1,
      "dispatchCountryCode": "",
      "clearanceDate": "2016-05-11 04:01:45.67",
      "cpc": "5100A01",
      "originCountryCode": "BS",
      "commodityCode": "820140000",
      "itemConsigneeTurn": "111497016612",
      "itemRoute": ""
    },
    {
      "declarationId": "200000000000000000001",
      "itemNumber": 2,
      "dispatchCountryCode": "",
      "clearanceDate": "2016-05-11 04:01:45.67",
      "cpc": "4900009",
      "originCountryCode": "GG",
      "commodityCode": "520833000",
      "itemConsigneeTurn": "111497016612",
      "itemRoute": "",
      "itemConsignorName": "Item NAD name",
      "itemConsignorPostcode": "IN4 0PC"
    },
    {
      "declarationId": "200000000000000000001",
      "itemNumber": 3,
      "dispatchCountryCode": "",
      "clearanceDate": "2016-05-11 04:01:45.67",
      "cpc": "4000C30",
      "originCountryCode": "AO",
      "commodityCode": "846291200",
      "itemConsigneeTurn": "111497016612",
      "itemRoute": ""
    },
    {
      "declarationId": "200000000000000000001",
      "itemNumber": 4,
      "dispatchCountryCode": "",
      "clearanceDate": "2016-05-11 04:01:45.67",
      "cpc": "0634078",
      "originCountryCode": "FR",
      "commodityCode": "903190300",
      "itemConsigneeTurn": "111497016612"
    }
  ]
}