<assembly xmlns="http://maven.apache.org/plugins/maven-assembly-plugin/assembly/1.1.0"
          xmlns:xsi="http://www.w3.org/2001/XMLSchema-instance"
          xsi:schemaLocation="http://maven.apache.org/plugins/maven-assembly-plugin/assembly/1.1.0 http://maven.apache.org/xsd/assembly-1.1.0.xsd">
    <id>leadx</id>
    <formats>
        <format>zip</format>
    </formats>
    <includeBaseDirectory>false</includeBaseDirectory>
    <fileSets>
        <fileSet>
             <directory>${project.basedir}/src/main/templates</directory>
            <outputDirectory>templates</outputDirectory>
        </fileSet>
        <fileSet>
             <directory>${project.basedir}/src/main/groovy</directory>
            <outputDirectory>scripts</outputDirectory>
        </fileSet>
    </fileSets>
</assembly>
