iekey,string,
generationno,int,
dtofent,string,
imptrturn,string,
fedate,string,
imptrpostcode,string,
acptncdate,string,
clrncdate,string,
ietype,string,
declnmthd,string,
premid,string,
dispcntry,string,
impentno,string,
cstuncode,string,
epuno,string,
epsid,string,
itemcnt,"decimal(38,0)",
decltturn,string,
declntype,string,
payagntturn,string,
cnsgrtrnc,string,
plauldg,string,
roe,string,
cstmsvalue,"decimal(22,2)",
invtot,"decimal(22,2)",
ietotvat,"decimal(22,2)",
ietotduty,"decimal(22,2)",
cnsgetrunc,string,
cnsgrturn,string,
declnpartno,string,
declnucr,string,
destcntry,string,
exptrpostcode,string,
gdsdepdt,string,
gdslocn,string,
ics,string,
masterucr,string,
mrn,string,
plaldg,string,
soe,string,
rconturn,string,
audittsmp,string,
fetsmp,string,
numaar,int,
numarr,int,
numdep,int,
dayslastarr,int,
sessno,int,
txnid,string,
suppdec,string,
immediatemucr,string,
sessstarttsmp,string,
imptrturncc,string,
decltturncc,string,
premtype,string,
cnsgrturncc,string,
gdslocncc,string,
gdslocnsfx,string,
exitoffice,string,
gdslocndec,string,
da_iv_id,string,
edh_da_file_date,string,
standard_edh_da_file_date,string,
edh_da_sequence_number,string,
edh_da_load_date,string,
edh_da_health_warning,string,
edh_da_purge_date,string,
standard_dtofent,string,
standard_fedate,string,
standard_acptncdate,string,
standard_clrncdate,string,
standard_gdsdepdt,string,
standard_audittsmp,string,
standard_fetsmp,string,
standard_sessstarttsmp,string,
