{
  "swagger": "2.0",
  "info": {
    "description": "Api Documentation",
    "version": "1.0",
    "title": "Api Documentation",
    "termsOfService": "urn:tos",
    "contact": {},
    "license": {
      "name": "Apache 2.0",
      "url": "http://www.apache.org/licenses/LICENSE-2.0"
    }
  },
  "host": "10.102.83.180:8000",
  "basePath": "/",
  "tags": [{
    "name": "declaration-resource",
    "description": "Declaration Resource"
  }, {
    "name": "operation-handler",
    "description": "Operation Handler"
  }, {
    "name": "web-mvc-endpoint-handler-mapping",
    "description": "Web Mvc Endpoint Handler Mapping"
  }],
  "paths": {
    "/actuator": {
      "get": {
        "tags": ["web-mvc-endpoint-handler-mapping"],
        "summary": "links",
        "operationId": "linksUsingGET",
        "produces": ["application/json", "application/vnd.spring-boot.actuator.v2+json"],
        "responses": {
          "200": {
            "description": "OK",
            "schema": {
              "type": "object",
              "additionalProperties": {
                "type": "object",
                "additionalProperties": {
                  "$ref": "#/definitions/Link"
                }
              }
            }
          },
          "401": {
            "description": "Unauthorized"
          },
          "403": {
            "description": "Forbidden"
          },
          "404": {
            "description": "Not Found"
          }
        }
      }
    },
    "/actuator/health": {
      "get": {
        "tags": ["operation-handler"],
        "summary": "handle",
        "operationId": "handleUsingGET",
        "produces": ["application/json", "application/vnd.spring-boot.actuator.v2+json"],
        "parameters": [{
          "in": "body",
          "name": "body",
          "description": "body",
          "required": false,
          "schema": {
            "type": "object",
            "additionalProperties": {
              "type": "string"
            }
          }
        }],
        "responses": {
          "200": {
            "description": "OK",
            "schema": {
              "type": "object"
            }
          },
          "401": {
            "description": "Unauthorized"
          },
          "403": {
            "description": "Forbidden"
          },
          "404": {
            "description": "Not Found"
          }
        }
      }
    },
    "/actuator/info": {
      "get": {
        "tags": ["operation-handler"],
        "summary": "handle",
        "operationId": "handleUsingGET_1",
        "produces": ["application/json", "application/vnd.spring-boot.actuator.v2+json"],
        "parameters": [{
          "in": "body",
          "name": "body",
          "description": "body",
          "required": false,
          "schema": {
            "type": "object",
            "additionalProperties": {
              "type": "string"
            }
          }
        }],
        "responses": {
          "200": {
            "description": "OK",
            "schema": {
              "type": "object"
            }
          },
          "401": {
            "description": "Unauthorized"
          },
          "403": {
            "description": "Forbidden"
          },
          "404": {
            "description": "Not Found"
          }
        }
      }
    },
    "/actuator/logfile": {
      "get": {
        "tags": ["operation-handler"],
        "summary": "handle",
        "operationId": "handleUsingGET_2",
        "produces": ["application/octet-stream"],
        "parameters": [{
          "in": "body",
          "name": "body",
          "description": "body",
          "required": false,
          "schema": {
            "type": "object",
            "additionalProperties": {
              "type": "string"
            }
          }
        }],
        "responses": {
          "200": {
            "description": "OK",
            "schema": {
              "type": "object"
            }
          },
          "401": {
            "description": "Unauthorized"
          },
          "403": {
            "description": "Forbidden"
          },
          "404": {
            "description": "Not Found"
          }
        }
      }
    },
    "/declarations": {
      "get": {
        "tags": ["declaration-resource"],
        "summary": "getDeclarationSearchResult",
        "operationId": "getDeclarationSearchResultUsingGET",
        "produces": ["*/*"],
        "parameters": [{
          "name": "originCountryCode",
          "in": "query",
          "required": false,
          "type": "array",
          "items": {
            "type": "string"
          },
          "collectionFormat": "multi"
        }, {
          "name": "searchTerm",
          "in": "query",
          "required": false,
          "type": "string"
        }],
        "responses": {
          "200": {
            "description": "OK",
            "schema": {
              "$ref": "#/definitions/DeclarationSearchResult"
            }
          },
          "401": {
            "description": "Unauthorized"
          },
          "403": {
            "description": "Forbidden"
          },
          "404": {
            "description": "Not Found"
          }
        }
      }
    }
  },
  "definitions": {
    "Country": {
      "type": "object",
      "properties": {
        "code": {
          "type": "string"
        },
        "name": {
          "type": "string"
        }
      },
      "title": "Country"
    },
    "CountryFacet": {
      "type": "object",
      "properties": {
        "count": {
          "type": "integer",
          "format": "int64"
        },
        "country": {
          "$ref": "#/definitions/Country"
        }
      },
      "title": "CountryFacet"
    },
    "Declaration": {
      "type": "object",
      "properties": {
        "consigneeName": {
          "type": "string"
        },
        "consigneePostcode": {
          "type": "string"
        },
        "consigneeTurn": {
          "type": "string"
        },
        "consignorName": {
          "type": "string"
        },
        "consignorPostcode": {
          "type": "string"
        },
        "consignorTurn": {
          "type": "string"
        },
        "declarationId": {
          "type": "string"
        },
        "destinationCountry": {
          "type": "string"
        },
        "dispatchCountry": {
          "type": "string"
        },
        "entryDate": {
          "type": "string"
        },
        "entryNumber": {
          "type": "string"
        },
        "epuNumber": {
          "type": "string"
        },
        "goodsLocation": {
          "type": "string"
        },
        "lines": {
          "type": "array",
          "items": {
            "$ref": "#/definitions/DeclarationLine"
          }
        },
        "route": {
          "type": "string"
        },
        "transportModeCode": {
          "type": "string"
        }
      },
      "title": "Declaration"
    },
    "DeclarationLine": {
      "type": "object",
      "properties": {
        "clearanceDate": {
          "type": "string"
        },
        "commodityCode": {
          "type": "string"
        },
        "cpc": {
          "type": "string"
        },
        "destinationCountryCode": {
          "type": "string"
        },
        "dispatchCountryCode": {
          "type": "string"
        },
        "itemConsigneeName": {
          "type": "string"
        },
        "itemConsigneePostcode": {
          "type": "string"
        },
        "itemConsigneeTurn": {
          "type": "string"
        },
        "itemConsignorName": {
          "type": "string"
        },
        "itemConsignorPostcode": {
          "type": "string"
        },
        "itemConsignorTurn": {
          "type": "string"
        },
        "itemNumber": {
          "type": "integer",
          "format": "int32"
        },
        "itemRoute": {
          "type": "string"
        },
        "originCountry": {
          "$ref": "#/definitions/Country"
        }
      },
      "title": "DeclarationLine"
    },
    "DeclarationSearchResult": {
      "type": "object",
      "properties": {
        "declarations": {
          "type": "array",
          "items": {
            "$ref": "#/definitions/Declaration"
          }
        },
        "facets": {
          "$ref": "#/definitions/Facets"
        },
        "hits": {
          "$ref": "#/definitions/Hits"
        }
      },
      "title": "DeclarationSearchResult"
    },
    "Facets": {
      "type": "object",
      "properties": {
        "originCountries": {
          "type": "array",
          "items": {
            "$ref": "#/definitions/CountryFacet"
          }
        }
      },
      "title": "Facets"
    },
    "Hits": {
      "type": "object",
      "properties": {
        "total": {
          "type": "integer",
          "format": "int64"
        }
      },
      "title": "Hits"
    },
    "Link": {
      "type": "object",
      "properties": {
        "href": {
          "type": "string"
        },
        "templated": {
          "type": "boolean"
        }
      },
      "title": "Link"
    },
    "Map«string,Link»": {
      "type": "object",
      "title": "Map«string,Link»",
      "additionalProperties": {
        "$ref": "#/definitions/Link"
      }
    }
  }
}