{
  "declarationId": "2000000000000003",
  "entryNumber": "249099z",
  "entryDate": "2013-07-14 16:04:49.34",
  "epuNumber": "221",
  "route": "H",
  "goodsLocation": "LCZ",
  "transportModeCode": "tme",
  "dispatchCountry": "\\N",
  "consignorName": "Header Consignor name3",
  "consignorPostcode":  "AB4 6CF",
  "consigneeName": "Header NAD name3",
  "consigneePostcode": "HN4 0PE",
  "destinationCountry": "TX",
  "consignorTurn": "582109443894369",
  "consigneeTurn": "976072558690",
  "lines": [
    {
      "itemNumber": 1,
      "commodityCode": "551032",
      "originCountry": {
        "code": "PI",
        "name": "PI name",
        "description": "PI - PI name"
      },
      "cpc": "4000C38",
      "dispatchCountryCode": "dispatch-country-code3",
      "destinationCountryCode": "destination-country-code3",
      "clearanceDate": "clearance-date3",
      "itemConsigneeTurn": "731411813913",
      "itemConsignorTurn": "item-consignor-turn3",
      "itemRoute": "item-route3",
      "itemConsigneeName": "Item NAD name3",
      "itemConsigneePostcode": "IN4 0PE",
      "itemConsignorName": "item-consignor-name3",
      "itemConsignorPostcode": "item-consignor-postcode3"
    },
    {
      "itemNumber": 2,
      "commodityCode": "551032",
      "originCountry": {
        "code": "PH",
        "name": "PH name",
        "description": "PH - PH name"
      },
      "cpc": "4000C38",
      "dispatchCountryCode": "dispatch-country-code3",
      "destinationCountryCode": "destination-country-code3",
      "clearanceDate": "clearance-date3",
      "itemConsigneeTurn": "731411813913",
      "itemConsignorTurn": "item-consignor-turn3",
      "itemRoute": "item-route3",
      "itemConsigneeName": "Item NAD name3",
      "itemConsigneePostcode": "IN4 0PE",
      "itemConsignorName": "item-consignor-name3",
      "itemConsignorPostcode": "item-consignor-postcode3"
    }
  ]
}
