<?xml version="1.0" encoding="UTF-8"?>
<beans xmlns="http://www.springframework.org/schema/beans"
	   xmlns:xsi="http://www.w3.org/2001/XMLSchema-instance"
	   xmlns:context="http://www.springframework.org/schema/context"
	   xmlns:task="http://www.springframework.org/schema/task"
	   xsi:schemaLocation="http://www.springframework.org/schema/beans http://www.springframework.org/schema/beans/spring-beans-4.1.xsd
		http://www.springframework.org/schema/context http://www.springframework.org/schema/context/spring-context-4.1.xsd
		http://www.springframework.org/schema/task http://www.springframework.org/schema/task/spring-task-4.1.xsd">

	<import resource="classpath:/spring/spring-libUtil-properties.xml"/>
	<import resource="classpath:/spring/spring-libUtil-typeConversion.xml"/>
	<import resource="classpath:/spring/spring-svcAddressLookup-client.xml"/>
	<import resource="classpath:/spring/spring-svcTelephonyClient.xml"/>
	<import resource="classpath:/spring/spring-svcDistribution-client.xml"/>
	<import resource="classpath:/spring/spring-logiclaim-adaptor-client.xml"/>
	<import resource="classpath:/spring/spring-claim-incubation-client.xml" />

	<context:component-scan base-package="com.leadx.claimant">
		<context:exclude-filter type="annotation" expression="org.springframework.stereotype.Controller"/>
	</context:component-scan>

	<bean id="webAddressLookupClient" class="com.leadx.services.address.internal.WebAddressLookupClient" autowire="byName"/>

	<bean id="telephonyClientRouting" class="com.leadx.services.client.service.TelephonyClientRouting"/>

	<bean id="restOperations" class="org.springframework.web.client.RestTemplate">
		<constructor-arg>
			<bean class="org.springframework.http.client.HttpComponentsClientHttpRequestFactory">
				<property name="readTimeout" value="30000" />
				<property name="connectTimeout" value="30000" />
			</bean>
		</constructor-arg>
	</bean>

	<task:annotation-driven />
</beans>