<?xml version="1.0" encoding="UTF-8"?>
<beans xmlns="http://www.springframework.org/schema/beans"
	   xmlns:xsi="http://www.w3.org/2001/XMLSchema-instance"
	   xmlns:camel="http://camel.apache.org/schema/spring"
	   xsi:schemaLocation="
		http://www.springframework.org/schema/beans http://www.springframework.org/schema/beans/spring-beans-4.1.xsd
		http://camel.apache.org/schema/spring http://camel.apache.org/schema/spring/camel-spring.xsd
	">

	<camel:camelContext id="camelContext">
		<camel:template id="producerTemplate" />
		<camel:routeBuilder ref="routing"/>
		<camel:routeBuilder ref="telephonyClientRouting" />
		<camel:routeBuilder ref="distributionClientRouting" />
		<camel:redeliveryPolicyProfile id="leadRedelivery" redeliveryDelay="500" maximumRedeliveries="3" useExponentialBackOff="true" retryAttemptedLogLevel="WARN"/>
	</camel:camelContext>

	<bean id="jmsConnectionFactory" class="org.apache.activemq.ActiveMQConnectionFactory">
		<property name="brokerURL" value="${claimant.server.jms.brokerURL}" />
	</bean>

	<bean id="pooledConnectionFactory" class="org.apache.activemq.pool.PooledConnectionFactory" init-method="start" destroy-method="stop">
		<property name="connectionFactory" ref="jmsConnectionFactory" />
		<property name="idleTimeout" value="0" />
	</bean>

	<bean id="jmsConfig" class="org.apache.camel.component.jms.JmsConfiguration">
		<property name="connectionFactory" ref="pooledConnectionFactory"/>
	</bean>

	<bean id="jms" class="org.apache.activemq.camel.component.ActiveMQComponent">
		<property name="configuration" ref="jmsConfig" />
		<property name="alwaysCopyMessage" value="true" />
	</bean>

	<bean id="claimantTransactedPolicy" class="org.apache.camel.spring.spi.SpringTransactionPolicy">
		<qualifier value="claimant" />
		<property name="transactionManager" ref="transactionManager" />
	</bean>
</beans>
