<?xml version="1.0" encoding="UTF-8"?>
<beans xmlns="http://www.springframework.org/schema/beans"
	   xmlns:xsi="http://www.w3.org/2001/XMLSchema-instance" xmlns:tx="http://www.springframework.org/schema/tx"
	   xsi:schemaLocation="http://www.springframework.org/schema/beans http://www.springframework.org/schema/beans/spring-beans-4.1.xsd
	   http://www.springframework.org/schema/tx http://www.springframework.org/schema/tx/spring-tx.xsd">

	<bean id="sessionFactory" class="org.springframework.orm.hibernate4.LocalSessionFactoryBean">
		<qualifier value="claimant" />
		<property name="dataSource" ref="dataSource" />
		<property name="annotatedPackages">
			<list>
				<value>com.leadx.claimant</value>
			</list>
		</property>
		<property name="packagesToScan">
			<list>
				<value>com.leadx.claimant</value>
			</list>
		</property>
		<property name="hibernateProperties">
			<value>
				hibernate.cache.provider_class=net.sf.ehcache.hibernate.SingletonEhCacheProvider
				hibernate.dialect=org.hibernate.dialect.MySQL5InnoDBDialect
				hibernate.format_sql=false
				hibernate.generate_statistics=true
				hibernate.show_sql=${claimant.server.hibernate.showSql}
				hibernate.use_sql_comments=false
			</value>
		</property>
	</bean>

	<bean id="transactionManager" class="org.springframework.orm.hibernate4.HibernateTransactionManager">
		<property name="sessionFactory" ref="sessionFactory"/>
		<qualifier value="claimant"/>
	</bean>

	<tx:annotation-driven/>

</beans>