iekey,string,
generationno,int,
dtofent,string,
atrptcostac,"decimal(22,2)",
atrptdedn,"decimal(22,2)",
atrptcost,"decimal(22,2)",
ocdcrrn,string,
defexcmcd,int,
defnexcmcd,int,
defvatmcd,int,
entgrsmass,"decimal(22,2)",
enttotrev,"decimal(22,2)",
farpcode,string,
firdan,int,
firdanpfx,string,
firdantotal,"decimal(22,2)",
scnddan,string,
scnddanpfx,string,
scnddantotal,"decimal(22,2)",
frgtaprtcode,string,
frgtchgeac,"decimal(22,2)",
frgtchge,"decimal(22,2)",
frgtcrrn,string,
gconturn,string,
gdsarrdecln,string,
gdsarrdate,string,
gvsepuno,string,
gvssno,string,
gvsvalmthd,string,
immrev,"decimal(22,2)",
totagysec,"decimal(22,2)",
ietotimpsec,"decimal(22,2)",
immmcd,int,
insamtcrrn,string,
insamtac,"decimal(22,2)",
insamt,"decimal(22,2)",
invcrrn,string,
invdamtac,"decimal(22,2)",
invdamt,"decimal(22,2)",
invdamtcrrn,string,
invdpct,"decimal(22,2)",
invtotac,"decimal(22,2)",
invycnsgtref,string,
lcncvalue,"decimal(22,2)",
ienetmasstot,"decimal(22,2)",
netinvprc,"decimal(22,2)",
ocdac,"decimal(22,2)",
ocd,"decimal(22,2)",
pectrloff,string,
pehashtot,"decimal(22,2)",
qtaonent,string,
shedopid,string,
statvalue,"decimal(22,2)",
tdrownrefent8,string,
vatvalue,"decimal(22,2)",
totpkgs,int,
trptcntry,string,
trptmodecode,string,
valdecln,string,
valorpct,string,
vatadjtac,"decimal(22,2)",
vatadjtcrrn,string,
vatadjt,"decimal(22,2)",
dtblchge,"decimal(22,2)",
cntrcode,string,
ievrno,int,
bimpcnt,"decimal(38,0)",
mrccnt,"decimal(38,0)",
iestatind,int,
capind,string,
totcapchgs,"decimal(22,2)",
totexcise,"decimal(22,2)",
fasrar,int,
firdanrar,int,
scnddanrar,int,
agtssctyrar,int,
impssctyrar,int,
amdtdate,string,
cacused,string,
cancelledcode,string,
clrncmthd,string,
collncode,string,
dasaccgdate,string,
ddswkgdate,string,
decltinp,string,
dischoutcnt,int,
enttotrevorig,"decimal(22,2)",
feccodresp,string,
feccodsta,string,
fecportresp,string,
fecportsta,string,
fectrptresp,string,
fectrptsta,string,
firdefsno,int,
gdslocninp,string,
gdsreldate,string,
icsdate,string,
icsovrrsn,string,
ieamdtind,string,
iebimpind,string,
iecancnrfdind,string,
iecancnreqind,string,
iecartaxind,string,
iedetnind,string,
iedtysusp,string,
ieentrydvrtd,string,
iefecind,string,
ieg3rqd,string,
ielairqd,string,
ienegrevind,string,
iepaytreq,string,
iepcagen,string,
ieprefclaim,string,
ieprldgind,string,
iequeries,string,
iequeryind,string,
ieroe1mand,string,
ieroe2mand,string,
iestored,string,
ietdrunreg,string,
ievolamdt,string,
iewhseent,string,
inpdate,string,
intdcldate,string,
intdics,string,
dpctinp,string,
invsyscode,string,
involamend,string,
ipruse,string,
irc,string,
ldgtdate,string,
provacptdate,string,
roediverted,string,
roe2xmpt,string,
scnddefsno,int,
stattfrdt,string,
tdrpresdate,string,
tmtoclr,string,
trptmodeinld,string,
accgday,int,
immedrevsno,int,
acptncepsid,string,
acptncepuno,string,
agentlocn,string,
agentrole,string,
anticipatedroe,string,
cstmenttotrfd,"decimal(22,2)",
currcstuncode,string,
currentepsid,string,
currentepuno,string,
decltrep,string,
districtno,string,
ibclaimref,string,
ibclaimtype,string,
ibgan,string,
ibregno,string,
intdgdslocn,string,
intdshedopid,string,
lastaardate,string,
lastarrdate,string,
lastdepdate,string,
movtno,string,
movtref,string,
movtstatus,string,
office,string,
offofexplocn,string,
ogdenttotrfnd,"decimal(22,2)",
reportsrqdind,string,
statcrrn,string,
statexch,"decimal(22,8)",
trptid,string,
intdacptnctsmp,string,
gdsdepildtsmp,string,
iedeparted,string,
offofexpshed,string,
trpidinld,string,
trpidinldlng,string,
carriername,string,
declncrrn,string,
euarrlocncode,string,
intdarrtsmp,string,
notifyturncc,string,
notifyturn,string,
trptchgemop,string,
acptncrptsrqd,string,
progrptsrqd,string,
actualexitoff,string,
ecsinscope,string,
exitcntrlres,string,
exitorstopdt,string,
exportexiteu,string,
exportoffice,string,
ie998sent,string,
sealsstate,string,
declnucrinput,string,
exportcntrlres,string,
reprturncc,string,
reprturn,string,
s0sent,string,
spcircumind,string,
decltaeocerttycd,string,
decltaeonatauthno,string,
cnsgraeocerttycd,string,
cnsgraeonatauthno,string,
da_iv_id,string,
edh_da_file_date,string,
standard_edh_da_file_date,string,
edh_da_sequence_number,string,
edh_da_load_date,string,
edh_da_health_warning,string,
edh_da_purge_date,string,
standard_dtofent,string,
standard_gdsarrdate,string,
standard_amdtdate,string,
standard_dasaccgdate,string,
standard_ddswkgdate,string,
standard_gdsreldate,string,
standard_icsdate,string,
standard_inpdate,string,
standard_intdcldate,string,
standard_ldgtdate,string,
standard_provacptdate,string,
standard_stattfrdt,string,
standard_tdrpresdate,string,
standard_districtno,string,
standard_lastaardate,string,
standard_lastarrdate,string,
standard_lastdepdate,string,
standard_intdacptnctsmp,string,
standard_gdsdepildtsmp,string,
standard_intdarrtsmp,string,
standard_exitorstopdt,string,
