<?xml version="1.0" encoding="UTF-8"?>
<configuration>
    <include resource="org/springframework/boot/logging/logback/base.xml" />

    <appender name="LOGSTASH" class="net.logstash.logback.appender.LogstashTcpSocketAppender">

        <destination>${LOGSTASH_DESTINATION:-localhost}</destination>

        <reconnectionDelay>1 second</reconnectionDelay>

        <encoder class="net.logstash.logback.encoder.LogstashEncoder">
            <customFields>{
                "container_id": "${HOSTNAME}",
                "app_identifier": "customs-search-service"
            }</customFields>

            <fieldNames>
                <timestamp>client_timestamp</timestamp>
            </fieldNames>
        </encoder>
    </appender>

    <root>
        <appender-ref ref="LOGSTASH" />
    </root>
</configuration>
