<?xml version="1.0" encoding="UTF-8"?>
<repositories>
  <repository>
    <id>KettleFileRepository</id>
    <name>CDSDATA</name>
    <description>Repo containing all the CDS-DATA PDI artifacts.</description>
    <base_directory>&#x2f;opt&#x2f;hmrc&#x2f;dec&#x2f;epc&#x2f;exp&#x2f;alpha&#x2f;exp_cds&#x2f;etl</base_directory>
    <read_only>N</read_only>
    <hides_hidden_files>N</hides_hidden_files>
  </repository>
  <repository>
    <id>KettleFileRepository</id>
    <name>CDSDATA ETL : Generic Data Model</name>
    <description>Repo containing all the CDS-DATA PDI artifacts.</description>
    <base_directory>&#x2f;opt&#x2f;hmrc&#x2f;dec&#x2f;epc&#x2f;exp&#x2f;alpha&#x2f;exp_cds&#x2f;etl&#x2f;customs-pipeline-generic-data-model</base_directory>
    <read_only>N</read_only>
    <hides_hidden_files>N</hides_hidden_files>
  </repository>
  <repository>
    <id>KettleFileRepository</id>
    <name>CDSDATA ETL : Landing</name>
    <description>Repo containing all the CDS-DATA PDI artifacts.</description>
    <base_directory>&#x2f;opt&#x2f;hmrc&#x2f;dec&#x2f;epc&#x2f;exp&#x2f;alpha&#x2f;exp_cds&#x2f;etl&#x2f;customs-pipeline-landing</base_directory>
    <read_only>N</read_only>
    <hides_hidden_files>N</hides_hidden_files>
  </repository>
  <repository>
    <id>KettleFileRepository</id>
    <name>CDSDATA ETL : Exploitation - Reporting</name>
    <description>Repo containing all the CDS-DATA PDI artifacts.</description>
    <base_directory>&#x2f;opt&#x2f;hmrc&#x2f;dec&#x2f;epc&#x2f;exp&#x2f;alpha&#x2f;exp_cds&#x2f;etl&#x2f;customs-pipeline-exploitation-report</base_directory>
    <read_only>N</read_only>
    <hides_hidden_files>N</hides_hidden_files>
  </repository>
</repositories>
