<?xml version="1.0" encoding="UTF-8"?>
<beans xmlns="http://www.springframework.org/schema/beans"
	   xmlns:aop="http://www.springframework.org/schema/aop"
	   xmlns:xsi="http://www.w3.org/2001/XMLSchema-instance"
	   xmlns:context="http://www.springframework.org/schema/context"
	   xsi:schemaLocation="http://www.springframework.org/schema/beans http://www.springframework.org/schema/beans/spring-beans-4.1.xsd
		http://www.springframework.org/schema/context http://www.springframework.org/schema/context/spring-context-4.1.xsd
		http://www.springframework.org/schema/aop http://www.springframework.org/schema/aop/spring-aop-4.1.xsd">

	<import resource="classpath:/spring/spring-libUtil-properties.xml" />
	<context:component-scan base-package="com.leadx.claimant.client" />
	
	<aop:config>
	    <aop:pointcut id="retry" expression="execution(@com.leadx.claimant.client.annotations.Retryable * *(..))" />
	    <aop:advisor pointcut-ref="retry" advice-ref="retryAdvice" order="-1"/>
	</aop:config>

	<!-- Default too initial back off time of 100ms and then doubling each time -->
	<bean id="backOffPolicy" class=" org.springframework.retry.backoff.ExponentialBackOffPolicy"/>

	<bean id="retryOperations" class=" org.springframework.retry.support.RetryTemplate">
		<property name="backOffPolicy" ref="backOffPolicy"/>
	</bean>

	<bean id="retryAdvice" class="org.springframework.retry.interceptor.RetryOperationsInterceptor">
		<property name="retryOperations" ref="retryOperations"/>
	</bean>
	
</beans>