{
  "declarationSource": "CHIEF",
  "importExportIndicator": "Import",
  "declarationId": "2000000000000003",
  "entryNumber": "249099z",
  "entryDate": "2018-01-03 16:04:49.34",
  "epuNumber": "221",
  "route": "H",
  "goodsLocation": "LCZ",
  "transportModeCode": "tme",
  "declarationType": "Z",
  "dispatchCountry" : {
    "code": "dispatch-country-code3"
  },
  "destinationCountry" : {
    "code": "TX"
  },
  "consignee": {
    "eori": "976072558690",
    "name": "Header NAD name3",
    "postcode": "HN4 0PE"
  },
  "consignor": {
    "eori": "582109443894369",
    "name": "Header Consignor name3",
    "postcode": "AB4 6CF"
  },
  "lines": [
    {
      "itemNumber": 1,
      "commodityCode": "551032",
      "originCountry": {
        "code": "PI"
      },
      "cpc": "4000538",
      "itemDispatchCountry": {
        "code": "dispatch-country-code3"
      },
      "itemDestinationCountryCode": {
        "code": "destination-country-code3"
      },
      "itemDestinationCountry": {
        "code": "destination-country-code3"
      },
      "clearanceDate": "2018-01-03 10:00:00.000",
      "itemConsignee": {
        "eori": "731411813913",
        "name": "Item NAD name3",
        "postcode": "IN4 0PE"
      },
      "itemConsignor": {
        "eori": "item-consignor-turn3",
        "name": "item-consignor-name3",
        "postcode": "item-consignor-postcode3"
      },
      "preferenceNumber":"134",
      "taxLines":[
        {
          "taxLineSequenceNumber":"1",
          "taxAmount":"100",
          "taxAmountIndicator":"Declared"
        },
        {
          "taxLineSequenceNumber":"2",
          "taxAmount":"200",
          "taxAmountCalculated":"taxAmountCalculated",
          "methodOfPaymentCode":"Method Of Payment (MOP Code)",
          "taxAmountIndicator":"Calculated"
        }
      ],
      "routes":[
        {
          "routeSequenceNumber":"1",
          "routeCountryCode":"UK"
        }
      ],
      "additionalInfo":[
        {
          "additionalInfoSequenceNumber":"1",
          "additionalInfoStatement":"AI Statement"
        }
      ],
      "previousDocuments":[
        {
          "previousDocumentSequenceNumber":"1",
          "previousDocumentClass":"document class"
        }
      ],
      "containers":[
        {
          "containerSequenceNumber":"1",
          "containerNumber":"400"
        }
      ],
      "packages":[
        {
          "packageSequenceNumber":"1",
          "packageCount":"20",
          "packageKind":"Courier"
        }
      ]
    },
    {
      "itemNumber": 2,
      "commodityCode": "551032",
      "originCountry": {
        "code": "PH",
        "name": "PH name",
        "description": "PH - PH name"
      },
      "cpc": "4000539",
      "dispatchCountryCode": "dispatch-country-code4",
      "itemDispatchCountry": {
        "code": "dispatch-country-code4"
      },
      "destinationCountryCode": "destination-country-code4",
      "itemDestinationCountry": {
        "code": "destination-country-code4"
      },
      "clearanceDate": "2018-01-10 10:00:00.000",
      "itemConsignee": {
        "eori": "731411813913",
        "name": "Item NAD name3",
        "postcode": "IN4 0PE"
      },
      "itemConsignor": {
        "eori": "item-consignor-turn3",
        "name": "item-consignor-name3",
        "postcode": "item-consignor-postcode3"
      },
      "preferenceNumber":"223",
      "taxLines":[
        {
          "taxLineSequenceNumber":"3",
          "taxAmount":"300",
          "taxAmountIndicator":"Declared"
        }
      ],
      "packages":[
      {
        "packageSequenceNumber":"2",
        "packageCount":"25",
        "packageKind":"Courier"
      }]
    },
    {
      "itemNumber": 3,
      "commodityCode": "123456",
      "cpc": "3000222"
    }
  ]
}
