{
  "declarationId":"2000000000000001",
  "importExportIndicator":"Import",
  "declarationSource":"CHIEF",
  "declarationType":"X",
  "processingStatus":"16",
  "entryDate":"2018-01-01 16:04:49.32",
  "epuNumber":"219",
  "entryNumber":"249099x",
  "acceptanceDate":"2018-02-01 17:04:49.32",
  "route":"F",
  "goodsLocation":"LCY",
  "dispatchCountry":{
    "code":"dispatch-country-code"
  },
  "destinationCountry":{
    "code":"TV"
  },
  "placeOfLoading":"Manchester",
  "transportModeCode":"tmc",
  "inlandTransportMode":"amc",
  "transportId":"transportId",
  "premisesId":"premisesId",
  "totalPackages":"totalPackages",
  "grossMass":"100",
  "invoiceCurrency":"PLN",
  "invoiceTotal":"4.36",
  "declarationCurrency":"duty-currency",
  "totalDuty":"total-duty",
  "consignee":{
    "eori":"976072558688",
    "name":"Header NAD name",
    "postcode":"HN4 0PC"
  },
  "consignor":{
    "eori":"582109443894367",
    "name":"Header Consignor name",
    "postcode":"AB4 6CD"
  },
  "declarant":{
    "eori":"957518101221",
    "name":"Header Declarant name",
    "postcode":"EF4 6GH"
  },
  "declarantRepresentation":"2",
  "communicationId":"111",
  "lines":[
    {
      "itemNumber":1,
      "itemRoute":"item-route",
      "cpc":"4000136",
      "clearanceDate":"2018-01-01 10:00:00.000",
      "originCountry":{
        "code":"PG"
      },
      "itemDispatchCountry":{
        "code":"dispatch-country-code"
      },
      "itemDestinationCountry":{
        "code":"destination-country-code"
      },
      "goodsDescription":"goodsDescription",
      "grossMass":"grossMass",
      "netMass":"10.111",
      "quotaNumber":"quotaNumber",
      "preferenceNumber":"145",
      "supplementaryUnits":"supplementaryUnits",
      "invoiceCurrency":"Invoice Currency",
      "itemPrice":"10.111",
      "statisticalValue":"Statistical Value",
      "commodityCode":"551030",
      "valuationMethod":"Valuation Method",
      "valuationAdjustmentCode":"valuationAdjustmentCode",
      "valuationAdjustmentCurrency":"valuationAdjustmentCurrency",
      "valuationAdjustmentAmount":"valuationAdjustmentAmount",
      "itemConsignee":{
        "eori":"731411813911",
        "name":"Item NAD name",
        "postcode":"IN4 0PC"
      },
      "itemConsignor":{
        "eori":"item-consignor-turn",
        "name":"item-consignor-name",
        "postcode":"item-consignor-postcode"
      },
      "itemDeclarant":{
        "eori":"123455432145",
        "name":"Item Declarant name",
        "postcode":"WA14 5BB"
      },
      "taxLines":[
        {
          "taxLineSequenceNumber":"1",
          "taxTypeCode":"taxTypeCode",
          "taxBaseAmount":"taxBaseAmount",
          "taxBaseAmountCalculated":"taxBaseAmountCalculated",
          "taxBaseQuantity":"taxBaseQuantity",
          "taxRateIdentifier":"taxRateIdentifier",
          "taxOverrideCode":"taxOverrideCode",
          "taxAmount":"taxAmount",
          "taxAmountCalculated":"taxAmountCalculated",
          "methodOfPaymentCode":"Method Of Payment (MOP Code)",
          "taxAmountIndicator":"Declared"
        }
      ],
      "routes":[
        {
          "routeSequenceNumber":"routeSequenceNumber",
          "routeCountryCode":"routeCountryCode"
        }
      ],
      "additionalInfo":[
        {
          "additionalInfoSequenceNumber":"1",
          "additionalInfoStatement":"AI Statement",
          "additionalInfoStatementDescription":"statementDescription"
        }
      ],
      "previousDocuments":[
        {
          "previousDocumentSequenceNumber":"previousDocumentSequenceNumber",
          "previousDocumentClass":"previousDocumentClass"
        }
      ],
      "containers":[
        {
          "containerSequenceNumber":"1",
          "containerNumber":"containerId"
        }
      ],
      "packages":[
        {
          "packageSequenceNumber":"1",
          "packageCount":"package - count",
          "packageKind":"package - kind",
          "packageMarks":"package - marks"
        }
      ]
    }
  ]
}