{
  "declarationSource": "CHIEF",
  "importExportIndicator": "Import",
  "declarationId": "2000000000000002",
  "entryNumber": "249099y",
  "entryDate": "2018-01-02 16:04:49.33",
  "acceptanceDate": "2018-02-02 17:04:49.32",
  "epuNumber": "220",
  "route": "G",
  "goodsLocation": "LCX",
  "placeOfLoading" : "",
  "transportId" : "",
  "transportModeCode": "tmd",
  "dispatchCountry" : {
    "code" : "dispatch-country-code2"
  },
  "declarationType": "Y",
  "destinationCountry" : {
    "code": "TW"
  },
  "declarationCurrency": "duty-currency",
  "totalDuty": "total-duty",
  "consignee": {
    "eori": "976072558689",
    "name": "Header NAD name2",
    "postcode": "HN4 0PD"
  },
  "consignor": {
    "eori": "582109443894368",
    "name": "Header Consignor name2",
    "postcode": "AB4 6CE"
  },
  "lines": [
    {
      "itemNumber": 1,
      "commodityCode": "551031",
      "originCountry": {
        "code": "PH"
      },
      "cpc": "5000237",
      "itemDispatchCountry": {
        "code": "dispatch-country-code2"
      },
      "itemDestinationCountry": {
        "code": "destination-country-code2"
      },
      "clearanceDate": "2018-01-02 10:00:00.000",
      "itemConsignee": {
        "eori": "731411813912",
        "name": "Item NAD name2",
        "postcode": "IN4 0PD"
      },
      "itemConsignor": {
        "eori": "item-consignor-turn2",
        "name": "item-consignor-name2",
        "postcode": "item-consignor-postcode2"
      },
      "netMass": "25.555",
      "itemPrice": "25.55",
      "preferenceNumber":"123",
      "taxLines" : [
        {
          "taxTypeCode":"taxTypeCode2",
          "taxRateIdentifier":"taxRateIdentifier2",
          "taxAmountIndicator" : "Calculated",
          "taxBaseAmountCalculated" : "taxBaseAmountCalculated",
          "taxLineSequenceNumber" : "2"
        }
      ]
    }
  ]
}
