{
  "declarationSource": "CHIEF",
  "importExportIndicator": "Import",
  "declarationId": "2000000000000004",
  "entryNumber": "249099z",
  "entryDate": "2018-01-04 16:04:49.34",
  "epuNumber": "221",
  "route": "H",
  "declarantRepresentation" : "2",
  "invoiceCurrency" : "MAD",
  "invoiceTotal" : 12.11,
  "inlandTransportMode" : "",
  "placeOfLoading" : "",
  "transportId" : "XQ4692",
  "goodsLocation": "LCZ",
  "transportModeCode": "tme",
  "dispatchCountry": {
    "code": "\\N"
  },
  "destinationCountry" : {
    "code": "TX"
  },
  "consignee": {
    "eori": "976072558690",
    "name": "Header NAD name3",
    "postcode": "HN4 0PE"
  },
  "consignor": {
    "eori": "582109443894369",
    "name": "Header Consignor name3",
    "postcode": "AB4 6CF"
  },
  "declarant": {
    "eori": "623397506719"
  }
}
