<?xml version="1.0" encoding="UTF-8"?>
<repositories>
  <repository>
    <id>KettleFileRepository</id>
    <name>CDSDATA</name>
    <description>Repo containing all the CDS-DATA PDI artifacts.</description>
    <base_directory>&#x2f;data&#x2f;apps&#x2f;cdsdata&#x2f;pentaho-scripts&#x2f;qa&#x2f;bin</base_directory>
    <read_only>N</read_only>
    <hides_hidden_files>N</hides_hidden_files>
  </repository>
  <repository>
    <id>KettleFileRepository</id>
    <name>CDSDATA ETL : Generic Data Model</name>
    <description>Repo containing all the CDS-DATA PDI artifacts.</description>
    <base_directory>&#x2f;data&#x2f;apps&#x2f;cdsdata&#x2f;pentaho-scripts&#x2f;qa&#x2f;customs-pipeline-generic-data-model</base_directory>
    <read_only>N</read_only>
    <hides_hidden_files>N</hides_hidden_files>
  </repository>
  <repository>
    <id>KettleFileRepository</id>
    <name>CDSDATA ETL : Landing</name>
    <description>Repo containing all the CDS-DATA PDI artifacts.</description>
    <base_directory>&#x2f;data&#x2f;apps&#x2f;cdsdata&#x2f;pentaho-scripts&#x2f;qa&#x2f;customs-pipeline-landing</base_directory>
    <read_only>N</read_only>
    <hides_hidden_files>N</hides_hidden_files>
  </repository>
  <repository>
    <id>KettleFileRepository</id>
    <name>CDSDATA ETL : Exploitation - Reporting</name>
    <description>Repo containing all the CDS-DATA PDI artifacts.</description>
    <base_directory>&#x2f;data&#x2f;apps&#x2f;cdsdata&#x2f;pentaho-scripts&#x2f;qa&#x2f;customs-pipeline-exploitation-report</base_directory>
    <read_only>N</read_only>
    <hides_hidden_files>N</hides_hidden_files>
  </repository>
  <repository>
    <id>KettleFileRepository</id>
    <name>CDSDATA ETL : Datavault Data Model Schema</name>
    <description>Repo containing the schema to recreate Datavault.</description>
    <base_directory>&#x2f;data&#x2f;apps&#x2f;cdsdata&#x2f;pentaho-scripts&#x2f;qa&#x2f;customs-generic-data-model-schema</base_directory>
    <read_only>N</read_only>
    <hides_hidden_files>N</hides_hidden_files>
  </repository>

  <repository>
    <id>KettleFileRepository</id>
    <name>CDSDATA ETL Spark : Datavault hash calculator</name>
    <description>Repo creates hashes for Datavault.</description>
    <base_directory>&#x2f;data&#x2f;apps&#x2f;cdsdata&#x2f;pentaho-scripts&#x2f;qa&#x2f;datavault-hash-calculator</base_directory>
    <read_only>N</read_only>
    <hides_hidden_files>N</hides_hidden_files>
  </repository>

</repositories>
