base_dms_delta_goodsitm_tid,bigint,
base_dms_delta_goodsitm_consignmentshipmentid,bigint,
base_dms_delta_goodsitm_ucr,varchar(35),
base_dms_delta_goodsitm_traderassignedreference,varchar(35),
base_dms_delta_goodsitm_sequencenumber,bigint,
base_dms_delta_goodsitm_adjustmentamount,"decimal(19,2)",
base_dms_delta_goodsitm_adjustmentamount_unittype,varchar(3),
base_dms_delta_goodsitm_customsreferencenumber,varchar(35),
base_dms_delta_goodsitm_invoiceamount,"decimal(19,2)",
base_dms_delta_goodsitm_invoiceamount_unittype,varchar(3),
base_dms_delta_goodsitm_previousprocedure,varchar(20),
base_dms_delta_goodsitm_requestedprocedure,varchar(20),
base_dms_delta_goodsitm_statisticalamount,"decimal(19,2)",
base_dms_delta_goodsitm_statisticalamount_unittype,varchar(3),
base_dms_delta_goodsitm_methodofpayment,varchar(20),
base_dms_delta_goodsitm_valuationmethod,varchar(20),
base_dms_delta_goodsitm_preference,varchar(10),
base_dms_delta_goodsitm_declaredcustomsvalue,"decimal(19,2)",
base_dms_delta_goodsitm_declaredcustomsvalue_unittype,varchar(3),
base_dms_delta_goodsitm_relateditem,bigint,
base_dms_delta_goodsitm_hasdv1,boolean,
base_dms_delta_goodsitm_quotaordernumber,varchar(10),
base_dms_delta_goodsitm_isexported,boolean,
base_dms_delta_goodsitm_valuationindicator,varchar(4),
base_dms_delta_goodsitm_transactionnature,varchar(20),
base_dms_delta_goodsitm_acceptancedate,varchar(17),
base_dms_delta_addinfor_additionalmessageid,bigint,
base_dms_delta_addinfor_tradernotificationid,bigint,
base_dms_delta_addinfor_pointer,varchar(256),
base_dms_delta_addinfor_sequencenumber,bigint,
base_dms_delta_addinfor_type,varchar(3),
base_dms_delta_addinfor_text,varchar(512),
base_dms_delta_addinfor_text_language,varchar(10),
base_dms_delta_addinfor_code,varchar(17),
base_dms_delta_addinfor_limitdate,varchar(17),
base_dms_delta_derived_cntregrl_country_countryofdispatch,string,
base_dms_delta_derived_cntregrl_country_countryofexport,string,
base_dms_delta_derived_cntregrl_country_countryoforigin,string,
base_dms_delta_derived_cntregrl_country_countryoffirstdest,string,
base_dms_delta_derived_cntregrl_country_countryoffinaldest,string,
base_dms_delta_derived_cntregrl_country_countryofrouting,string,
base_dms_delta_packging_isshared,boolean,
base_dms_delta_packging_marksnumbers,varchar(512),
base_dms_delta_packging_material,varchar(256),
base_dms_delta_packging_material_language,varchar(10),
base_dms_delta_packging_length,bigint,
base_dms_delta_packging_length_unittype,varchar(3),
base_dms_delta_packging_width,bigint,
base_dms_delta_packging_width_unittype,varchar(3),
base_dms_delta_packging_height,bigint,
base_dms_delta_packging_height_unittype,varchar(3),
base_dms_delta_packging_volume,bigint,
base_dms_delta_packging_volume_unittype,varchar(3),
base_dms_delta_packging_type,varchar(20),
base_dms_delta_packging_quantity,int,
base_dms_delta_packging_grossmass,"decimal(15,3)",
base_dms_delta_packging_grossmass_unittype,varchar(3),
base_dms_delta_packging_netmass,"decimal(15,3)",
base_dms_delta_packging_netmass_unittype,varchar(3),
base_dms_delta_prevsdoc_id,varchar(70),
base_dms_delta_prevsdoc_category,varchar(20),
base_dms_delta_prevsdoc_type,varchar(3),
base_dms_delta_prevsdoc_linenumber,int,
base_dms_delta_valuadjt_type,varchar(20),
base_dms_delta_valuadjt_amount,"decimal(19,2)",
base_dms_delta_valuadjt_amount_unittype,varchar(3),
base_dms_delta_derived_prtyrole_partyid_number_agentrep,string,
base_dms_delta_derived_prtyrole_partyid_number_declarant,string,
base_dms_delta_derived_prtyrole_partyid_number_consignee,string,
base_dms_delta_derived_prtyrole_partyid_number_consignor,string,
base_dms_delta_derived_prtyrole_partyid_number_importer,string,
base_dms_delta_derived_prtyrole_partyid_number_submitter,string,
base_dms_delta_derived_prtyrole_partyid_number_buyer,string,
base_dms_delta_derived_prtyrole_partyid_number_exporter,string,
base_dms_delta_derived_prtyrole_partyid_number_surety,string,
base_dms_delta_derived_prtyrole_partyid_number_seller,string,
base_dms_delta_derived_prtyrole_partyid_number_refundrecipient,string,
base_dms_delta_commdity_description,varchar(512),
base_dms_delta_commdity_grossmass,"decimal(23,6)",
base_dms_delta_commdity_netmass,"decimal(23,6)",
base_dms_delta_commdity_supplementaryunits,"decimal(23,6)",
base_dms_delta_commdity_supplementaryunits_unittype,varchar(3),
base_dms_delta_clasific_sequencenumber,bigint,
base_dms_delta_clasific_identifier,varchar(35),
base_dms_delta_derived_clasific_identifier,varchar(35),
base_dms_delta_clasific_type,varchar(3),
base_dms_delta_spclprcd_code,varchar(20),
base_dms_delta_derived_cpc,string,
base_dms_delta_goodsitm_cdap_sequence_number,int,
