<?xml version="1.0" encoding="UTF-8" standalone="no"?>
<configuration>
   <property>
     <name>javax.jdo.option.ConnectionURL</name>
     <value>jdbc:derby:/hive-data/metastore_db;create=true</value>
     <description>JDBC connect string for a JDBC metastore</description>
   </property>
   <property>
     <name>javax.jdo.option.ConnectionDriverName</name>
     <value>org.apache.derby.jdbc.EmbeddedDriver</value>
     <description>Driver class name for a JDBC metastore</description>
   </property>
   <property>
     <name>spark.sql.warehouse.dir</name>
     <value>/hive-data/spark-warehouse</value>
     <description>location of spark warehouse</description>
   </property>
</configuration>
