<?xml version="1.0" encoding="UTF-8"?>
<repositories>
  <repository>
    <id>KettleFileRepository</id>
    <name>CDSDATA</name>
    <description>Repo containing all the CDS-DATA PDI artifacts.</description>
    <base_directory>&#x2f;home&#x2f;smalavalli&#x2f;Dev&#x2f;Workspace&#x2f;CDS&#x2f;customs-pipeline&#x2f;src&#x2f;main&#x2f;resources</base_directory>
    <read_only>N</read_only>
    <hides_hidden_files>N</hides_hidden_files>
  </repository>
  <repository>
    <id>KettleFileRepository</id>
    <name>CDSDATA : Reports</name>
    <description>CDS-DATA PDI repo for BA server report things.</description>
    <base_directory>&#x2f;home&#x2f;sk&#x2f;code&#x2f;customs-report&#x2f;src&#x2f;main&#x2f;resources</base_directory>
    <read_only>N</read_only>
    <hides_hidden_files>N</hides_hidden_files>
  </repository>
  <repository>
    <id>KettleFileRepository</id>
    <name>PROD TMP</name>
    <description>PROD TMP</description>
    <base_directory>&#x2f;home&#x2f;sk&#x2f;code&#x2f;pdi-prod</base_directory>
    <read_only>N</read_only>
    <hides_hidden_files>N</hides_hidden_files>
  </repository>
  <repository>
    <id>KettleFileRepository</id>
    <name>CDSDATA ETL : Generic Data Model</name>
    <description>CDS-DATA PDI repo for Generic Data Model.</description>
    <base_directory>&#x2f;home&#x2f;smalavalli&#x2f;Dev&#x2f;Workspace&#x2f;CDS&#x2f;customs-pipeline&#x2f;src&#x2f;main&#x2f;resources</base_directory>
    <read_only>N</read_only>
    <hides_hidden_files>N</hides_hidden_files>
  </repository>
  <repository>
    <id>KettleFileRepository</id>
    <name>CDSDATA ETL : Landing</name>
    <description>CDS-DATA PDI repo for Landing.</description>
    <base_directory>&#x2f;home&#x2f;smalavalli&#x2f;Dev&#x2f;Workspace&#x2f;CDS&#x2f;customs-pipeline&#x2f;src&#x2f;main&#x2f;resources</base_directory>
    <read_only>N</read_only>
    <hides_hidden_files>N</hides_hidden_files>
  </repository>
  <repository>
    <id>KettleFileRepository</id>
    <name>CDSDATA ETL : Exploitation - Reporting</name>
    <description>CDS-DATA PDI repo for Exploitation for Reporting.</description>
    <base_directory>&#x2f;home&#x2f;smalavalli&#x2f;Dev&#x2f;Workspace&#x2f;CDS&#x2f;customs-pipeline&#x2f;src&#x2f;main&#x2f;resources</base_directory>
    <read_only>N</read_only>
    <hides_hidden_files>N</hides_hidden_files>
  </repository>
  <repository>
    <id>KettleFileRepository</id>
    <name>Docker Example</name>
    <description>Repo for working on docker-volume-container-example files.</description>
    <base_directory>&#x2f;home&#x2f;sk&#x2f;code&#x2f;docker-volume-container-example&#x2f;data-populator&#x2f;pentaho-files&#x2f;repo</base_directory>
    <read_only>N</read_only>
    <hides_hidden_files>N</hides_hidden_files>
  </repository>
</repositories>
