<?xml version="1.0" encoding="UTF-8"?>
<repositories>
  <repository>    <id>KettleFileRepository</id>
    <name>CDSDATA</name>
    <description>CDSDATA</description>
    <base_directory>&#x2f;home&#x2f;developer&#x2f;gitcode&#x2f;customs-pipeline&#x2f;src&#x2f;main&#x2f;resources</base_directory>
    <read_only>N</read_only>
    <hides_hidden_files>N</hides_hidden_files>
  </repository>
  <repository>    <id>KettleFileRepository</id>
    <name>CDSDATA-Reports</name>
    <description>CDSDATA-Reports</description>
    <base_directory>&#x2f;home&#x2f;developer&#x2f;gitcode&#x2f;pentaho-reports&#x2f;src&#x2f;main&#x2f;resources</base_directory>
    <read_only>N</read_only>
    <hides_hidden_files>N</hides_hidden_files>
  </repository>
</repositories>
