<configuration>

	<!--Daily rolling file appender -->
	<appender name="FILE" class="ch.qos.logback.core.rolling.RollingFileAppender">
		<File>${server.log.dir}/claimantserver/app.log</File>
		<rollingPolicy class="ch.qos.logback.core.rolling.TimeBasedRollingPolicy">
			<FileNamePattern>${server.log.dir}/claimantserver/app.log.%d{yyyy-MM-dd}.log</FileNamePattern>
		</rollingPolicy>

		<encoder class="ch.qos.logback.classic.encoder.PatternLayoutEncoder">
			<pattern>%d %-5p [%c] %m%n</pattern>
		</encoder>
	</appender>

	<appender name="EMAIL" class="ch.qos.logback.classic.net.SMTPAppender">
		<smtpHost>localhost</smtpHost>
		<bufferSize>10</bufferSize>
		<to>logs_${instance.env}@leadx.com</to>
		<from>claimantserver_${instance.env}@leadx.com</from>
		<subject>Claimant Server Error - (${instance.title})</subject>
		<layout class="ch.qos.logback.classic.PatternLayout">
			<pattern>%d %-5p [%c] %m%n</pattern>
		</layout>
		<filter class="ch.qos.logback.classic.filter.ThresholdFilter">
			<level>ERROR</level>
		</filter>
	</appender>

	<root>
		<appender-ref ref="FILE" />
		<appender-ref ref="EMAIL" />
	</root>

	<logger name="org.springframework">
		<level value="INFO" />
	</logger>

	<logger name="org.apache">
		<level value="INFO" />
	</logger>

	<logger name="org.springframework.web">
		<level value="WARN" />
	</logger>

	<logger name="org.hibernate">
		<level value="INFO" />
	</logger>

	<logger name="org.hibernate.engine.internal">
		<level value="WARN" />
	</logger>

	<logger name="com.leadx">
		<level value="DEBUG" />
	</logger>

</configuration>