<assembly xmlns="http://maven.apache.org/plugins/maven-assembly-plugin/assembly/1.1.3"
          xmlns:xsi="http://www.w3.org/2001/XMLSchema-instance"
          xsi:schemaLocation="http://maven.apache.org/plugins/maven-assembly-plugin/assembly/1.1.3 http://maven.apache.org/xsd/assembly-1.1.3.xsd">

    <id>spark-hash</id>
    <formats>
        <format>tar.gz</format>
    </formats>
    <fileSets>
        <fileSet>
            <directory>${project.basedir}/src/main/resources</directory>
            <outputDirectory>/</outputDirectory>
            <fileMode>0755</fileMode>
            <includes>
                <include>**/*</include>
            </includes>
            <excludes>
                <exclude>*.properties</exclude>
                <exclude>**/.meta/**</exclude>
                <exclude>**/customs-pipeline-common/sql/**</exclude>
                <exclude>**/customs-pipeline-common/test/**</exclude>
                <exclude>**/connection.properties</exclude>
                <exclude>**/*.sh</exclude>
                <exclude>**/logback.xml</exclude>
            </excludes>
        </fileSet>

    </fileSets>
</assembly>