{
	"version": 1,
	"collections": [
		{
			"id": "46a48183-bd60-c504-e471-dfaa33966843",
			"name": "Search - LOCAL",
			"description": "",
			"order": [
				"55a70b1e-1222-10e1-37c6-d885a5f1671b",
				"2a5ca974-c442-17b0-bbb2-67338a0e2f83",
				"8fa4cd10-7ca6-4683-8d57-39199240cbe7",
				"33b1ad09-4726-1234-7639-70438cc29a36",
				"ea4b010e-3155-9802-5711-69e319d21f2f",
				"0d7302d6-8928-826c-c15d-0367a17b4e90",
				"79c2cbf7-e7d8-1cef-7f85-f5d493dd603b",
				"ec54dd74-fd27-5279-a703-67b710121f8b"
			],
			"folders": [],
			"folders_order": [],
			"timestamp": 1518005158363,
			"synced": false,
			"remote_id": 0,
			"owner": 0,
			"sharedWithTeam": false,
			"subscribed": false,
			"remoteLink": "",
			"remoteLinkUpdatedAt": null,
			"public": false,
			"createdAt": 1518005158363,
			"updatedAt": 1518015703433,
			"write": true,
			"published": false,
			"favorite": false,
			"permissions": {},
			"syncedPermissions": {},
			"events": [],
			"variables": [],
			"auth": null,
			"requests": [
				{
					"id": "0d7302d6-8928-826c-c15d-0367a17b4e90",
					"headers": "Content-Type: application/json\n",
					"headerData": [
						{
							"key": "Content-Type",
							"value": "application/json",
							"description": "",
							"enabled": true
						}
					],
					"url": "http://localhost:9200/_aliases",
					"queryParams": [],
					"events": [],
					"pathVariables": {},
					"pathVariableData": [],
					"method": "POST",
					"data": "{\n    \"actions\" : [\n        { \"add\" : { \"index\" : \"customs\", \"alias\" : \"customs_search_service\" } }\n    ]\n}\n",
					"dataMode": "raw",
					"version": 2,
					"auth": null,
					"time": 1518014690954,
					"name": "Create an alias",
					"description": "Create an alias",
					"collectionId": "46a48183-bd60-c504-e471-dfaa33966843",
					"responses": [],
					"currentHelper": null,
					"helperAttributes": null
				},
				{
					"id": "2a5ca974-c442-17b0-bbb2-67338a0e2f83",
					"headers": "Content-Type: application/json\n",
					"headerData": [
						{
							"key": "Content-Type",
							"value": "application/json",
							"description": "",
							"enabled": true
						}
					],
					"url": "http://localhost:9200/customs/declaration/219-249099X-2013-07-14",
					"queryParams": [],
					"events": [],
					"pathVariables": {},
					"pathVariableData": [],
					"method": "POST",
					"data": "{\n          \"hub_declaration_key\": \"04a956ba7d3c71f1ed7d1c66e9ba434f\",\n          \"entry_reference\": \"219-249099X-2013-07-14\",\n          \"entry_number\": \"249099x\",\n          \"entry_date\": \"2013-07-14 16:04:49.32\",\n          \"epu_number\": \"219\",\n          \"entry_type\": \"L\",\n          \"declaration_method\": \"D\",\n          \"total_excise\": \"2493\",\n          \"declarant_representative_turn\": \"3\",\n          \"consignee_aeo_certificate_type_code\": \"\\\\N\",\n          \"declarant_aeo_certificate_type_code\": \"AEOS\",\n          \"route\": \"F\",\n          \"declaration_import_export_indicator\": \"E\",\n          \"generation_number\": \"1\",\n          \"import_clearance_status\": \"17\",\n          \"consignor_aeo_certificate_type_code\": \"AEOC\",\n          \"header_statistical_value\": \"341.34\",\n          \"goods_departure_datetime\": \"2013-07-20 05:47:04.32\",\n          \"customs_value\": \"\\\\N\",\n          \"total_duty\": \"\\\\N\",\n          \"total_vat\": \"\\\\N\",\n          \"net_mass_total\": \"941.67\",\n          \"goods_location\": \"LCY\",\n          \"acceptance_date\": \"2013-07-14 16:04:49.32\",\n          \"importer_turn_country_code\": \"KR\",\n          \"place_of_unloading_code\": \"\\\\N\",\n          \"first_deferment_approval_num\": \"3875451\",\n          \"first_deferment_approval_num_prefix\": \"C\",\n          \"declaration_ucr\": \"3GB219-0714-249099x\",\n          \"item_count\": \"3\",\n          \"master_ucr\": \"GB/582109443894367-LNIMAHG\",\n          \"paying_agent_turn\": \"582109443894367\",\n          \"place_of_loading_code\": \"\",\n          \"session_num\": \"395553752\",\n          \"session_role_name\": \"DHLXLA\",\n          \"status_of_entry\": \"D\",\n          \"transport_country\": \"AZ\",\n          \"transport_id\": \"XL4348\",\n          \"transport_mode_code\": \"2\",\n          \"dispatch_country\": \"\\\\N\",\n          \"consignor_turn_country_code\": \"GB\",\n          \"consignor_nad_name\": \"\\\\N\",\n          \"consignee_nad_name\": \"\\\\N\",\n          \"consignee_nad_postcode\": \"\\\\N\",\n          \"declarant_nad_name\": \"\\\\N\",\n          \"customs_check_code\": \"\\\\N\",\n          \"profile_id\": \"\\\\N\",\n          \"invoice_total_declared\": \"68.27\",\n          \"declarationCurrency\": {\n            \"freightCurrency\": {\n              \"currency_iso_code\": \"TRY\",\n              \"currency_name\": \"Turkey Lira\"\n            },\n            \"invoiceCurrency\": {\n              \"currency_iso_code\": \"ISK\",\n              \"currency_name\": \"Iceland Krona\"\n            }\n          },\n          \"declarationCountry\": {\n            \"destinationCountry\": {\n              \"country_name\": \"Tuvalu\",\n              \"iso_country_code_alpha_2\": \"TV\"\n            },\n            \"transportCountry\": {\n              \"country_name\": \"Azerbaijan\",\n              \"iso_country_code_alpha_2\": \"AZ\"\n            }\n          },\n          \"declarationTrader\": {\n            \"consignorTrader\": {\n              \"consignor_trader_turn\": \"582109443894367\",\n              \"current_ind\": \"Y\",\n              \"name\": \"Erdman-Dare\",\n              \"simplified_procedure_authorisations\": \"FJKW\",\n              \"trader_name_abbreviated\": \"Erd\"\n            },\n            \"declarantTrader\": {\n              \"current_ind\": \"Y\",\n              \"declarant_trader_turn\": \"610862821484\",\n              \"name\": \"Jacobi Lesch and Kozey\",\n              \"simplified_procedure_authorisations\": \"FJKS\",\n              \"trader_name_abbreviated\": \"Jac\"\n            },\n            \"exporterTrader\": {\n              \"current_ind\": \"Y\",\n              \"exporter_trader_turn\": \"582109443894367\",\n              \"name\": \"Erdman-Dare\",\n              \"simplified_procedure_authorisations\": \"FJKW\",\n              \"trader_name_abbreviated\": \"Erd\"\n            },\n            \"importerTrader\": {\n              \"importer_trader_turn\": \"\\\\N\"\n            },\n            \"payingAgentTrader\": {\n              \"current_ind\": \"Y\",\n              \"name\": \"Erdman-Dare\",\n              \"paying_agent_trader_turn\": \"582109443894367\",\n              \"simplified_procedure_authorisations\": \"FJKW\",\n              \"trader_name_abbreviated\": \"Erd\"\n            }\n          },\n          \"lines\": [\n            {\n              \"hub_declaration_line_key\": \"15d72450c1672f7f56e453d50dac13ed\",\n              \"entry_reference\": \"219-249099X-2013-07-14\",\n              \"item_number\": \"2\",\n              \"clearance_datetime\": \"2013-07-17 08:15:03.32\",\n              \"item_statistical_value\": \"553.71\",\n              \"customs_duty_paid\": \"\\\\N\",\n              \"vat_paid\": \"\\\\N\",\n              \"ec_supplementary_1\": \"\\\\N\",\n              \"item_customs_value\": \"553.71\",\n              \"item_net_mass\": \"739.86\",\n             \"item_supplementary_units\": \"\\\\N\",\n              \"goods_description\": \"PLOCEBO\",\n              \"item_customs_check_code\": \"\\\\N\",\n              \"item_mic_code\": \"\\\\N\",\n              \"item_profile_id\": \"\\\\N\",\n              \"item_consignor_nad_name\": \"\\\\N\",\n              \"item_consignee_nad_name\": \"\\\\N\",\n              \"item_consignee_nad_postcode\": \"\\\\N\",\n              \"vat_value\": \"\\\\N\",\n              \"item_price_declared\": \"\\\\N\",\n              \"customsProcedureCode\": {\n                \"customs_procedure_code\": \"4900C19\"\n              },\n              \"taxLines\": [\n                {\n                  \"hub_tax_line_key\": \"b72a9aa0e4032b4fe41b0008c8ad7ea7\",\n                  \"tax_line_sequence_number\": \"1\",\n                  \"sat_tax_line_generation_number\": \"1\",\n                  \"waived_tax\": \"\",\n                  \"method_of_payment_code\": \"V\",\n                  \"tax_amount\": \"520.28\",\n                  \"tax_type_code\": \"415\"\n                }\n              ],\n              \"commodity\": {\n                \"hub_commodity_key\": \"6c88169b2cf10bedc3e684c0e53de1b2\",\n                \"commodity_code\": \"480255\",\n                \"cc_year\": \"2010\",\n                \"cc_month\": \"12\",\n                \"hs_chapter\": \"48\",\n                \"hs_heading\": \"02\",\n                \"hs_chapter_heading\": \"4802\",\n                \"hs_subheading\": \"55\",\n                \"chapter_description\": \"PAPER AND PAPERBOARD; ARTICLES OF PAPER PULP, OF PAPER OR OF PAPERBOARD\",\n                \"heading_description\": \"Uncoated paper and paperboard, of a kind used for writing, printing or other graphic purposes, and non perforated punch- cards and punch tape paper, in rolls or rectangular (including square) sheets, of any size, other than paper of heading 48.01 or 48.03; hand-made paper and paperboard.\",\n                \"subheading_description\": \"Uncoated paper and paperboard, of a kind used for writing, printing or other graphic purposes, and non-perforated punchcards and punch-tape paper, in rolls of any size, not containing fibres obtained by a mechanical or chemi-mechanical process or of which <= 10% by weight of the total fibre content consists of such fibres, and weighing 40 g to 150 g/m?, n.e.s.\"\n              },\n              \"originCountry\": {\n                \"country_name\": \"Bangladesh\",\n                \"iso_country_code_alpha_2\": \"BD\"\n              },\n              \"importerTrader\": {\n                \"importer_trader_turn\": \"\\\\N\"\n              }\n            },\n            {\n              \"hub_declaration_line_key\": \"4822df0d2c30aaa72d4c28efe23c4d3f\",\n              \"entry_reference\": \"219-249099X-2013-07-14\",\n              \"item_number\": \"3\",\n              \"clearance_datetime\": \"2013-07-17 08:15:03.32\",\n              \"item_statistical_value\": \"569.91\",\n              \"customs_duty_paid\": \"\\\\N\",\n              \"vat_paid\": \"\\\\N\",\n              \"ec_supplementary_1\": \"XucaA\",\n              \"item_customs_value\": \"569.91\",\n              \"item_net_mass\": \"637.62\",\n              \"item_supplementary_units\": \"\\\\N\",\n              \"goods_description\": \"SAMPLE LIMESTONE\",\n              \"item_customs_check_code\": \"\\\\N\",\n              \"item_mic_code\": \"\\\\N\",\n              \"item_profile_id\": \"\\\\N\",\n              \"item_consignor_nad_name\": \"\\\\N\",\n              \"item_consignee_nad_name\": \"\\\\N\",\n              \"item_consignee_nad_postcode\": \"\\\\N\",\n              \"vat_value\": \"\\\\N\",\n              \"item_price_declared\": \"\\\\N\",\n              \"customsProcedureCode\": {\n                \"customs_procedure_code\": \"4000047\"\n              },\n              \"documents\": [\n                {\n                  \"hub_document_key\": \"4ea77000fd540430aec20d5d64633dbd\",\n                  \"document_sequence_number\": \"1\",\n                  \"sat_document_generation_number\": \"1\",\n                  \"item_document_code\": \"Y008\",\n                  \"item_document_status\": \"JA\",\n                  \"item_document_reference\": \"GBNAIrwKD\"\n                },\n                {\n                  \"hub_document_key\": \"fc6f70ff10dae0c930f480f5f63f4366\",\n                  \"document_sequence_number\": \"2\",\n                  \"sat_document_generation_number\": \"1\",\n                  \"item_document_code\": \"U090\",\n                  \"item_document_status\": \"FP\",\n                  \"item_document_reference\": \"mO001AE\"\n                }\n              ],\n              \"additionalInfo\": [\n                {\n                  \"hub_additional_info_key\": \"4ea77000fd540430aec20d5d64633dbd\",\n                  \"additional_information_sequence_number\": \"1\",\n                  \"sat_additional_info_generation_number\": \"1\",\n                  \"additional_information_statement\": \"PO\",\n                  \"additional_information_statement_type\": \"D09\",\n                  \"item_additional_information_statement\": \"POD09\"\n                }\n              ],\n              \"originCountry\": {\n                \"country_name\": \"Lebanon\",\n                \"iso_country_code_alpha_2\": \"LB\"\n              },\n              \"importerTrader\": {\n                \"importer_trader_turn\": \"\\\\N\"\n              }\n            },\n            {\n              \"hub_declaration_line_key\": \"63a6ab724e6dcbfd51fb35b30015ce72\",\n              \"entry_reference\": \"219-249099X-2013-07-14\",\n              \"item_number\": \"1\",\n              \"clearance_datetime\": \"2013-07-17 08:15:03.32\",\n              \"item_statistical_value\": \"458.3\",\n              \"customs_duty_paid\": \"\\\\N\",\n              \"vat_paid\": \"\\\\N\",\n              \"ec_supplementary_1\": \"XucaA\",\n              \"item_customs_value\": \"458.3\",\n              \"item_net_mass\": \"181.89\",\n              \"item_supplementary_units\": \"\\\\N\",\n              \"goods_description\": \"GUINESS SURGER BEER IN CANS\",\n              \"item_customs_check_code\": \"\\\\N\",\n              \"item_mic_code\": \"\\\\N\",\n              \"item_profile_id\": \"\\\\N\",\n              \"item_consignor_nad_name\": \"\\\\N\",\n              \"item_consignee_nad_name\": \"\\\\N\",\n              \"item_consignee_nad_postcode\": \"\\\\N\",\n              \"vat_value\": \"\\\\N\",\n              \"item_price_declared\": \"\\\\N\",\n              \"customsProcedureCode\": {\n                \"customs_procedure_code\": \"4000C07\"\n              },\n              \"documents\": [\n                {\n                  \"hub_document_key\": \"679a8ac4d5e0d68a94ee70f8b0302f78\",\n                  \"document_sequence_number\": \"1\",\n                  \"sat_document_generation_number\": \"1\",\n                  \"item_document_code\": \"U166\",\n                  \"item_document_status\": \"EP\",\n                  \"item_document_reference\": \"GB001UfbEJ\"\n                },\n                {\n                  \"hub_document_key\": \"a3cda9e97456498ac17892876e1c791f\",\n                  \"document_sequence_number\": \"2\",\n                  \"sat_document_generation_number\": \"1\",\n                  \"item_document_code\": \"N934\",\n                  \"item_document_status\": \"IE\",\n                  \"item_document_reference\": \"je bgqX\"\n                }\n              ],\n              \"additionalInfo\": [\n                {\n                  \"hub_additional_info_key\": \"679a8ac4d5e0d68a94ee70f8b0302f78\",\n                  \"additional_information_sequence_number\": \"1\",\n                  \"sat_additional_info_generation_number\": \"1\",\n                  \"additional_information_statement\": \"PO\",\n                  \"additional_information_statement_type\": \"D16\",\n                  \"item_additional_information_statement\": \"POD16\"\n                }\n              ],\n              \"commodity\": {\n                \"hub_commodity_key\": \"2dfc0f5d6b4b4344187550e969d8982f\",\n                \"commodity_code\": \"590500\",\n                \"cc_year\": \"2010\",\n                \"cc_month\": \"12\",\n                \"hs_chapter\": \"59\",\n                \"hs_heading\": \"05\",\n                \"hs_chapter_heading\": \"5905\",\n                \"hs_subheading\": \"00\",\n                \"chapter_description\": \"IMPREGNATED, COATED, COVERED OR LAMINATED TEXTILE FABRICS; TEXTILE ARTICLES OF A KIND SUITABLE FOR INDUSTRIAL USE\",\n                \"heading_description\": \"Textile wall coverings.\",\n                \"subheading_description\": \"Textile wallcoverings\"\n              },\n              \"originCountry\": {\n                \"country_name\": \"Togo\",\n                \"iso_country_code_alpha_2\": \"TG\"\n              },\n              \"importerTrader\": {\n                \"importer_trader_turn\": \"\\\\N\"\n              }\n            },\n            {\n              \"hub_declaration_line_key\": \"252c18a6a59ed143f15b80d04dd5601b\",\n              \"entry_reference\": \"219-249099X-2013-07-14\",\n              \"item_number\": \"4\",\n              \"clearance_datetime\": \"2013-07-17 08:15:03.32\",\n              \"item_statistical_value\": \"260.38\",\n              \"customs_duty_paid\": \"\\\\N\",\n              \"vat_paid\": \"\\\\N\",\n              \"ec_supplementary_1\": \"XucaA\",\n              \"item_customs_value\": \"260.38\",\n              \"item_net_mass\": \"46.25\",\n              \"item_supplementary_units\": \"\\\\N\",\n              \"goods_description\": \"CLOTHING / PERSONAL ITEMS\",\n              \"item_customs_check_code\": \"\\\\N\",\n              \"item_mic_code\": \"\\\\N\",\n              \"item_profile_id\": \"\\\\N\",\n              \"item_consignor_nad_name\": \"\\\\N\",\n              \"item_consignee_nad_name\": \"\\\\N\",\n              \"item_consignee_nad_postcode\": \"\\\\N\",\n              \"vat_value\": \"\\\\N\",\n              \"item_price_declared\": \"\\\\N\",\n              \"customsProcedureCode\": {\n                \"customs_procedure_code\": \"5300D09\"\n              },\n              \"documents\": [\n                {\n                  \"hub_document_key\": \"c56a15c1330e273c0dd27ce2075f84fb\",\n                  \"document_sequence_number\": \"1\",\n                  \"sat_document_generation_number\": \"1\",\n                  \"item_document_code\": \"N853\",\n                  \"item_document_status\": \"IS\",\n                  \"item_document_reference\": \"GB001\"\n                },\n                {\n                  \"hub_document_key\": \"ef1721a7660fc0461ea256868b950042\",\n                  \"document_sequence_number\": \"2\",\n                  \"sat_document_generation_number\": \"1\",\n                  \"item_document_code\": \"L116\",\n                  \"item_document_status\": \"SP\",\n                  \"item_document_reference\": \"dO rtUXs\"\n                }\n              ],\n              \"taxLines\": [\n                {\n                  \"hub_tax_line_key\": \"c56a15c1330e273c0dd27ce2075f84fb\",\n                  \"tax_line_sequence_number\": \"1\",\n                  \"sat_tax_line_generation_number\": \"1\",\n                  \"waived_tax\": \"921.53\",\n                  \"method_of_payment_code\": \"T\",\n                  \"tax_amount\": \"921.53\",\n                  \"tax_type_code\": \"511\"\n                }\n              ],\n              \"additionalInfo\": [\n                {\n                  \"hub_additional_info_key\": \"c56a15c1330e273c0dd27ce2075f84fb\",\n                  \"additional_information_sequence_number\": \"1\",\n                  \"sat_additional_info_generation_number\": \"1\",\n                  \"additional_information_statement\": \"PO\",\n                  \"additional_information_statement_type\": \"D19\",\n                  \"item_additional_information_statement\": \"POD19\"\n                }\n              ],\n              \"commodity\": {\n                \"hub_commodity_key\": \"6f7f2fb37a5771e72c2340e1f5439b49\",\n                \"commodity_code\": \"281511\",\n                \"cc_year\": \"2010\",\n                \"cc_month\": \"12\",\n                \"hs_chapter\": \"28\",\n                \"hs_heading\": \"15\",\n                \"hs_chapter_heading\": \"2815\",\n                \"hs_subheading\": \"11\",\n                \"chapter_description\": \"Inorganic chemicals; organic or inorganic compounds of precious metals, of rare- earth metals, of radioactive elements or of isotopes\",\n                \"heading_description\": \"Sodium hydroxide (caustic soda); potassium hydroxide (caustic potash); peroxides of sodium or potassium.\",\n                \"subheading_description\": \"Sodium hydroxide\"\n              },\n              \"originCountry\": {\n                \"country_name\": \"Korea, Democratic People's republic of\",\n                \"iso_country_code_alpha_2\": \"KP\"\n              },\n              \"importerTrader\": {\n                \"importer_trader_turn\": \"\\\\N\"\n              }\n            }\n          ]\n        }\n",
					"dataMode": "raw",
					"version": 2,
					"auth": null,
					"time": 1518014648706,
					"name": "Create a single declaration",
					"description": "Create a single declaration",
					"collectionId": "46a48183-bd60-c504-e471-dfaa33966843",
					"responses": [],
					"currentHelper": null,
					"helperAttributes": null
				},
				{
					"id": "33b1ad09-4726-1234-7639-70438cc29a36",
					"headers": "Content-Type: application/json\n",
					"headerData": [
						{
							"key": "Content-Type",
							"value": "application/json",
							"description": "",
							"enabled": true
						}
					],
					"url": "http://localhost:9200/customs/declaration/_bulk",
					"queryParams": [],
					"events": [],
					"pathVariables": {},
					"pathVariableData": [],
					"method": "POST",
					"data": "{ \"index\":{ \"_id\": \"219-249099A-2013-07-14\" } }\n{          \"hub_declaration_key\": \"04a956ba7d3c71f1ed7d1c66e9ba434f\",          \"entry_reference\": \"219-249099A-2013-07-14\",          \"entry_number\": \"249099A\",          \"entry_date\": \"2013-07-14 16:04:49.32\",          \"epu_number\": \"219\",          \"entry_type\": \"L\",          \"declaration_method\": \"D\",          \"total_excise\": \"2493\",          \"declarant_representative_turn\": \"3\",          \"consignee_aeo_certificate_type_code\": \"\\\\N\",          \"declarant_aeo_certificate_type_code\": \"AEOS\",          \"route\": \"F\",          \"declaration_import_export_indicator\": \"E\",          \"generation_number\": \"1\",          \"import_clearance_status\": \"17\",          \"consignor_aeo_certificate_type_code\": \"AEOC\",          \"header_statistical_value\": \"341.34\",          \"goods_departure_datetime\": \"2013-07-20 05:47:04.32\",          \"customs_value\": \"\\\\N\",          \"total_duty\": \"\\\\N\",          \"total_vat\": \"\\\\N\",          \"net_mass_total\": \"941.67\",          \"goods_location\": \"LCY\",          \"acceptance_date\": \"2013-07-14 16:04:49.32\",          \"importer_turn_country_code\": \"KR\",          \"place_of_unloading_code\": \"\\\\N\",          \"first_deferment_approval_num\": \"3875451\",          \"first_deferment_approval_num_prefix\": \"C\",          \"declaration_ucr\": \"3GB219-0714-249099A\",          \"item_count\": \"3\",          \"master_ucr\": \"GB/582109443894367-LNIMAHG\",          \"paying_agent_turn\": \"582109443894367\",          \"place_of_loading_code\": \"\",          \"session_num\": \"395553752\",          \"session_role_name\": \"DHLXLA\",          \"status_of_entry\": \"D\",          \"transport_country\": \"AZ\",          \"transport_id\": \"XL4348\",          \"transport_mode_code\": \"2\",          \"dispatch_country\": \"\\\\N\",          \"consignor_turn_country_code\": \"GB\",          \"consignor_nad_name\": \"\\\\N\",          \"consignee_nad_name\": \"\\\\N\",          \"consignee_nad_postcode\": \"\\\\N\",          \"declarant_nad_name\": \"\\\\N\",          \"customs_check_code\": \"\\\\N\",          \"profile_id\": \"\\\\N\",          \"invoice_total_declared\": \"68.27\",          \"declarationCurrency\": {            \"freightCurrency\": {              \"currency_iso_code\": \"TRY\",              \"currency_name\": \"Turkey Lira\"            },            \"invoiceCurrency\": {              \"currency_iso_code\": \"ISK\",              \"currency_name\": \"Iceland Krona\"            }          },          \"declarationCountry\": {            \"destinationCountry\": {              \"country_name\": \"Tuvalu\",              \"iso_country_code_alpha_2\": \"TV\"            },            \"transportCountry\": {              \"country_name\": \"Azerbaijan\",              \"iso_country_code_alpha_2\": \"AZ\"            }          },          \"declarationTrader\": {            \"consignorTrader\": {              \"consignor_trader_turn\": \"582109443894367\",              \"current_ind\": \"Y\",              \"name\": \"Erdman-Dare\",              \"simplified_procedure_authorisations\": \"FJKW\",              \"trader_name_abbreviated\": \"Erd\"            },            \"declarantTrader\": {              \"current_ind\": \"Y\",              \"declarant_trader_turn\": \"610862821484\",              \"name\": \"Jacobi Lesch and Kozey\",              \"simplified_procedure_authorisations\": \"FJKS\",              \"trader_name_abbreviated\": \"Jac\"            },            \"exporterTrader\": {              \"current_ind\": \"Y\",              \"exporter_trader_turn\": \"582109443894367\",              \"name\": \"Erdman-Dare\",              \"simplified_procedure_authorisations\": \"FJKW\",              \"trader_name_abbreviated\": \"Erd\"            },            \"importerTrader\": {              \"importer_trader_turn\": \"\\\\N\"            },            \"payingAgentTrader\": {              \"current_ind\": \"Y\",              \"name\": \"Erdman-Dare\",              \"paying_agent_trader_turn\": \"582109443894367\",              \"simplified_procedure_authorisations\": \"FJKW\",              \"trader_name_abbreviated\": \"Erd\"            }          },          \"lines\": [            {              \"hub_declaration_line_key\": \"15d72450c1672f7f56e453d50dac13ed\",              \"entry_reference\": \"219-249099A-2013-07-14\",              \"item_number\": \"2\",              \"clearance_datetime\": \"2013-07-17 08:15:03.32\",              \"item_statistical_value\": \"553.71\",              \"customs_duty_paid\": \"\\\\N\",              \"vat_paid\": \"\\\\N\",              \"ec_supplementary_1\": \"\\\\N\",              \"item_customs_value\": \"553.71\",              \"item_net_mass\": \"739.86\",             \"item_supplementary_units\": \"\\\\N\",              \"goods_description\": \"PLOCEBO\",              \"item_customs_check_code\": \"\\\\N\",              \"item_mic_code\": \"\\\\N\",              \"item_profile_id\": \"\\\\N\",              \"item_consignor_nad_name\": \"\\\\N\",              \"item_consignee_nad_name\": \"\\\\N\",              \"item_consignee_nad_postcode\": \"\\\\N\",              \"vat_value\": \"\\\\N\",              \"item_price_declared\": \"\\\\N\",              \"customsProcedureCode\": {                \"customs_procedure_code\": \"4900C19\"              },              \"taxLines\": [                {                  \"hub_tax_line_key\": \"b72a9aa0e4032b4fe41b0008c8ad7ea7\",                  \"tax_line_sequence_number\": \"1\",                  \"sat_tax_line_generation_number\": \"1\",                  \"waived_tax\": \"\",                  \"method_of_payment_code\": \"V\",                  \"tax_amount\": \"520.28\",                  \"tax_type_code\": \"415\"                }              ],              \"commodity\": {                \"hub_commodity_key\": \"6c88169b2cf10bedc3e684c0e53de1b2\",                \"commodity_code\": \"480255\",                \"cc_year\": \"2010\",                \"cc_month\": \"12\",                \"hs_chapter\": \"48\",                \"hs_heading\": \"02\",                \"hs_chapter_heading\": \"4802\",                \"hs_subheading\": \"55\",                \"chapter_description\": \"PAPER AND PAPERBOARD; ARTICLES OF PAPER PULP, OF PAPER OR OF PAPERBOARD\",                \"heading_description\": \"Uncoated paper and paperboard, of a kind used for writing, printing or other graphic purposes, and non perforated punch- cards and punch tape paper, in rolls or rectangular (including square) sheets, of any size, other than paper of heading 48.01 or 48.03; hand-made paper and paperboard.\",                \"subheading_description\": \"Uncoated paper and paperboard, of a kind used for writing, printing or other graphic purposes, and non-perforated punchcards and punch-tape paper, in rolls of any size, not containing fibres obtained by a mechanical or chemi-mechanical process or of which <= 10% by weight of the total fibre content consists of such fibres, and weighing 40 g to 150 g/m?, n.e.s.\"              },              \"originCountry\": {                \"country_name\": \"Bangladesh\",                \"iso_country_code_alpha_2\": \"BD\"              },              \"importerTrader\": {                \"importer_trader_turn\": \"\\\\N\"              }            },            {              \"hub_declaration_line_key\": \"4822df0d2c30aaa72d4c28efe23c4d3f\",              \"entry_reference\": \"219-249099A-2013-07-14\",              \"item_number\": \"3\",              \"clearance_datetime\": \"2013-07-17 08:15:03.32\",              \"item_statistical_value\": \"569.91\",              \"customs_duty_paid\": \"\\\\N\",              \"vat_paid\": \"\\\\N\",              \"ec_supplementary_1\": \"XucaA\",              \"item_customs_value\": \"569.91\",              \"item_net_mass\": \"637.62\",              \"item_supplementary_units\": \"\\\\N\",              \"goods_description\": \"SAMPLE LIMESTONE\",              \"item_customs_check_code\": \"\\\\N\",              \"item_mic_code\": \"\\\\N\",              \"item_profile_id\": \"\\\\N\",              \"item_consignor_nad_name\": \"\\\\N\",              \"item_consignee_nad_name\": \"\\\\N\",              \"item_consignee_nad_postcode\": \"\\\\N\",              \"vat_value\": \"\\\\N\",              \"item_price_declared\": \"\\\\N\",              \"customsProcedureCode\": {                \"customs_procedure_code\": \"4000047\"              },              \"documents\": [                {                  \"hub_document_key\": \"4ea77000fd540430aec20d5d64633dbd\",                  \"document_sequence_number\": \"1\",                  \"sat_document_generation_number\": \"1\",                  \"item_document_code\": \"Y008\",                  \"item_document_status\": \"JA\",                  \"item_document_reference\": \"GBNAIrwKD\"                },                {                  \"hub_document_key\": \"fc6f70ff10dae0c930f480f5f63f4366\",                  \"document_sequence_number\": \"2\",                  \"sat_document_generation_number\": \"1\",                  \"item_document_code\": \"U090\",                  \"item_document_status\": \"FP\",                  \"item_document_reference\": \"mO001AE\"                }              ],              \"additionalInfo\": [                {                  \"hub_additional_info_key\": \"4ea77000fd540430aec20d5d64633dbd\",                  \"additional_information_sequence_number\": \"1\",                  \"sat_additional_info_generation_number\": \"1\",                  \"additional_information_statement\": \"PO\",                  \"additional_information_statement_type\": \"D09\",                  \"item_additional_information_statement\": \"POD09\"                }              ],              \"originCountry\": {                \"country_name\": \"Lebanon\",                \"iso_country_code_alpha_2\": \"LB\"              },              \"importerTrader\": {                \"importer_trader_turn\": \"\\\\N\"              }            },            {              \"hub_declaration_line_key\": \"63a6ab724e6dcbfd51fb35b30015ce72\",              \"entry_reference\": \"219-249099A-2013-07-14\",              \"item_number\": \"1\",              \"clearance_datetime\": \"2013-07-17 08:15:03.32\",              \"item_statistical_value\": \"458.3\",              \"customs_duty_paid\": \"\\\\N\",              \"vat_paid\": \"\\\\N\",              \"ec_supplementary_1\": \"XucaA\",              \"item_customs_value\": \"458.3\",              \"item_net_mass\": \"181.89\",              \"item_supplementary_units\": \"\\\\N\",              \"goods_description\": \"GUINESS SURGER BEER IN CANS\",              \"item_customs_check_code\": \"\\\\N\",              \"item_mic_code\": \"\\\\N\",              \"item_profile_id\": \"\\\\N\",              \"item_consignor_nad_name\": \"\\\\N\",              \"item_consignee_nad_name\": \"\\\\N\",              \"item_consignee_nad_postcode\": \"\\\\N\",              \"vat_value\": \"\\\\N\",              \"item_price_declared\": \"\\\\N\",              \"customsProcedureCode\": {                \"customs_procedure_code\": \"4000C07\"              },              \"documents\": [                {                  \"hub_document_key\": \"679a8ac4d5e0d68a94ee70f8b0302f78\",                  \"document_sequence_number\": \"1\",                  \"sat_document_generation_number\": \"1\",                  \"item_document_code\": \"U166\",                  \"item_document_status\": \"EP\",                  \"item_document_reference\": \"GB001UfbEJ\"                },                {                  \"hub_document_key\": \"a3cda9e97456498ac17892876e1c791f\",                  \"document_sequence_number\": \"2\",                  \"sat_document_generation_number\": \"1\",                  \"item_document_code\": \"N934\",                  \"item_document_status\": \"IE\",                  \"item_document_reference\": \"je bgqX\"                }              ],              \"additionalInfo\": [                {                  \"hub_additional_info_key\": \"679a8ac4d5e0d68a94ee70f8b0302f78\",                  \"additional_information_sequence_number\": \"1\",                  \"sat_additional_info_generation_number\": \"1\",                  \"additional_information_statement\": \"PO\",                  \"additional_information_statement_type\": \"D16\",                  \"item_additional_information_statement\": \"POD16\"                }              ],              \"commodity\": {                \"hub_commodity_key\": \"2dfc0f5d6b4b4344187550e969d8982f\",                \"commodity_code\": \"590500\",                \"cc_year\": \"2010\",                \"cc_month\": \"12\",                \"hs_chapter\": \"59\",                \"hs_heading\": \"05\",                \"hs_chapter_heading\": \"5905\",                \"hs_subheading\": \"00\",                \"chapter_description\": \"IMPREGNATED, COATED, COVERED OR LAMINATED TEXTILE FABRICS; TEXTILE ARTICLES OF A KIND SUITABLE FOR INDUSTRIAL USE\",                \"heading_description\": \"Textile wall coverings.\",                \"subheading_description\": \"Textile wallcoverings\"              },              \"originCountry\": {                \"country_name\": \"Togo\",                \"iso_country_code_alpha_2\": \"TG\"              },              \"importerTrader\": {                \"importer_trader_turn\": \"\\\\N\"              }            },            {              \"hub_declaration_line_key\": \"252c18a6a59ed143f15b80d04dd5601b\",              \"entry_reference\": \"219-249099A-2013-07-14\",              \"item_number\": \"4\",              \"clearance_datetime\": \"2013-07-17 08:15:03.32\",              \"item_statistical_value\": \"260.38\",              \"customs_duty_paid\": \"\\\\N\",              \"vat_paid\": \"\\\\N\",              \"ec_supplementary_1\": \"XucaA\",              \"item_customs_value\": \"260.38\",              \"item_net_mass\": \"46.25\",              \"item_supplementary_units\": \"\\\\N\",              \"goods_description\": \"CLOTHING / PERSONAL ITEMS\",              \"item_customs_check_code\": \"\\\\N\",              \"item_mic_code\": \"\\\\N\",              \"item_profile_id\": \"\\\\N\",              \"item_consignor_nad_name\": \"\\\\N\",              \"item_consignee_nad_name\": \"\\\\N\",              \"item_consignee_nad_postcode\": \"\\\\N\",              \"vat_value\": \"\\\\N\",              \"item_price_declared\": \"\\\\N\",              \"customsProcedureCode\": {                \"customs_procedure_code\": \"5300D09\"              },              \"documents\": [                {                  \"hub_document_key\": \"c56a15c1330e273c0dd27ce2075f84fb\",                  \"document_sequence_number\": \"1\",                  \"sat_document_generation_number\": \"1\",                  \"item_document_code\": \"N853\",                  \"item_document_status\": \"IS\",                  \"item_document_reference\": \"GB001\"                },                {                  \"hub_document_key\": \"ef1721a7660fc0461ea256868b950042\",                  \"document_sequence_number\": \"2\",                  \"sat_document_generation_number\": \"1\",                  \"item_document_code\": \"L116\",                  \"item_document_status\": \"SP\",                  \"item_document_reference\": \"dO rtUXs\"                }              ],              \"taxLines\": [                {                  \"hub_tax_line_key\": \"c56a15c1330e273c0dd27ce2075f84fb\",                  \"tax_line_sequence_number\": \"1\",                  \"sat_tax_line_generation_number\": \"1\",                  \"waived_tax\": \"921.53\",                  \"method_of_payment_code\": \"T\",                  \"tax_amount\": \"921.53\",                  \"tax_type_code\": \"511\"                }              ],              \"additionalInfo\": [                {                  \"hub_additional_info_key\": \"c56a15c1330e273c0dd27ce2075f84fb\",                  \"additional_information_sequence_number\": \"1\",                  \"sat_additional_info_generation_number\": \"1\",                  \"additional_information_statement\": \"PO\",                  \"additional_information_statement_type\": \"D19\",                  \"item_additional_information_statement\": \"POD19\"                }              ],              \"commodity\": {                \"hub_commodity_key\": \"6f7f2fb37a5771e72c2340e1f5439b49\",                \"commodity_code\": \"281511\",                \"cc_year\": \"2010\",                \"cc_month\": \"12\",                \"hs_chapter\": \"28\",                \"hs_heading\": \"15\",                \"hs_chapter_heading\": \"2815\",                \"hs_subheading\": \"11\",                \"chapter_description\": \"Inorganic chemicals; organic or inorganic compounds of precious metals, of rare- earth metals, of radioactive elements or of isotopes\",                \"heading_description\": \"Sodium hydroxide (caustic soda); potassium hydroxide (caustic potash); peroxides of sodium or potassium.\",                \"subheading_description\": \"Sodium hydroxide\"              },              \"originCountry\": {                \"country_name\": \"Korea, Democratic People's republic of\",                \"iso_country_code_alpha_2\": \"KP\"              },              \"importerTrader\": {                \"importer_trader_turn\": \"\\\\N\"              }            }          ]        }\n{ \"index\":{ \"_id\": \"219-249099B-2013-07-14\" } }\n{          \"hub_declaration_key\": \"04a956ba7d3c71f1ed7d1c66e9ba434f\",          \"entry_reference\": \"219-249099B-2013-07-14\",          \"entry_number\": \"249099B\",          \"entry_date\": \"2013-07-14 16:04:49.32\",          \"epu_number\": \"219\",          \"entry_type\": \"L\",          \"declaration_method\": \"D\",          \"total_excise\": \"2493\",          \"declarant_representative_turn\": \"3\",          \"consignee_aeo_certificate_type_code\": \"\\\\N\",          \"declarant_aeo_certificate_type_code\": \"AEOS\",          \"route\": \"F\",          \"declaration_import_export_indicator\": \"E\",          \"generation_number\": \"1\",          \"import_clearance_status\": \"17\",          \"consignor_aeo_certificate_type_code\": \"AEOC\",          \"header_statistical_value\": \"341.34\",          \"goods_departure_datetime\": \"2013-07-20 05:47:04.32\",          \"customs_value\": \"\\\\N\",          \"total_duty\": \"\\\\N\",          \"total_vat\": \"\\\\N\",          \"net_mass_total\": \"941.67\",          \"goods_location\": \"LCY\",          \"acceptance_date\": \"2013-07-14 16:04:49.32\",          \"importer_turn_country_code\": \"KR\",          \"place_of_unloading_code\": \"\\\\N\",          \"first_deferment_approval_num\": \"3875451\",          \"first_deferment_approval_num_prefix\": \"C\",          \"declaration_ucr\": \"3GB219-0714-249099B\",          \"item_count\": \"3\",          \"master_ucr\": \"GB/582109443894367-LNIMAHG\",          \"paying_agent_turn\": \"582109443894367\",          \"place_of_loading_code\": \"\",          \"session_num\": \"395553752\",          \"session_role_name\": \"DHLXLA\",          \"status_of_entry\": \"D\",          \"transport_country\": \"AZ\",          \"transport_id\": \"XL4348\",          \"transport_mode_code\": \"2\",          \"dispatch_country\": \"\\\\N\",          \"consignor_turn_country_code\": \"GB\",          \"consignor_nad_name\": \"\\\\N\",          \"consignee_nad_name\": \"\\\\N\",          \"consignee_nad_postcode\": \"\\\\N\",          \"declarant_nad_name\": \"\\\\N\",          \"customs_check_code\": \"\\\\N\",          \"profile_id\": \"\\\\N\",          \"invoice_total_declared\": \"68.27\",          \"declarationCurrency\": {            \"freightCurrency\": {              \"currency_iso_code\": \"TRY\",              \"currency_name\": \"Turkey Lira\"            },            \"invoiceCurrency\": {              \"currency_iso_code\": \"ISK\",              \"currency_name\": \"Iceland Krona\"            }          },          \"declarationCountry\": {            \"destinationCountry\": {              \"country_name\": \"Tuvalu\",              \"iso_country_code_alpha_2\": \"TV\"            },            \"transportCountry\": {              \"country_name\": \"Azerbaijan\",              \"iso_country_code_alpha_2\": \"AZ\"            }          },          \"declarationTrader\": {            \"consignorTrader\": {              \"consignor_trader_turn\": \"582109443894367\",              \"current_ind\": \"Y\",              \"name\": \"Erdman-Dare\",              \"simplified_procedure_authorisations\": \"FJKW\",              \"trader_name_abbreviated\": \"Erd\"            },            \"declarantTrader\": {              \"current_ind\": \"Y\",              \"declarant_trader_turn\": \"610862821484\",              \"name\": \"Jacobi Lesch and Kozey\",              \"simplified_procedure_authorisations\": \"FJKS\",              \"trader_name_abbreviated\": \"Jac\"            },            \"exporterTrader\": {              \"current_ind\": \"Y\",              \"exporter_trader_turn\": \"582109443894367\",              \"name\": \"Erdman-Dare\",              \"simplified_procedure_authorisations\": \"FJKW\",              \"trader_name_abbreviated\": \"Erd\"            },            \"importerTrader\": {              \"importer_trader_turn\": \"\\\\N\"            },            \"payingAgentTrader\": {              \"current_ind\": \"Y\",              \"name\": \"Erdman-Dare\",              \"paying_agent_trader_turn\": \"582109443894367\",              \"simplified_procedure_authorisations\": \"FJKW\",              \"trader_name_abbreviated\": \"Erd\"            }          },          \"lines\": [            {              \"hub_declaration_line_key\": \"15d72450c1672f7f56e453d50dac13ed\",              \"entry_reference\": \"219-249099B-2013-07-14\",              \"item_number\": \"2\",              \"clearance_datetime\": \"2013-07-17 08:15:03.32\",              \"item_statistical_value\": \"553.71\",              \"customs_duty_paid\": \"\\\\N\",              \"vat_paid\": \"\\\\N\",              \"ec_supplementary_1\": \"\\\\N\",              \"item_customs_value\": \"553.71\",              \"item_net_mass\": \"739.86\",             \"item_supplementary_units\": \"\\\\N\",              \"goods_description\": \"PLOCEBO\",              \"item_customs_check_code\": \"\\\\N\",              \"item_mic_code\": \"\\\\N\",              \"item_profile_id\": \"\\\\N\",              \"item_consignor_nad_name\": \"\\\\N\",              \"item_consignee_nad_name\": \"\\\\N\",              \"item_consignee_nad_postcode\": \"\\\\N\",              \"vat_value\": \"\\\\N\",              \"item_price_declared\": \"\\\\N\",              \"customsProcedureCode\": {                \"customs_procedure_code\": \"4900C19\"              },              \"taxLines\": [                {                  \"hub_tax_line_key\": \"b72a9aa0e4032b4fe41b0008c8ad7ea7\",                  \"tax_line_sequence_number\": \"1\",                  \"sat_tax_line_generation_number\": \"1\",                  \"waived_tax\": \"\",                  \"method_of_payment_code\": \"V\",                  \"tax_amount\": \"520.28\",                  \"tax_type_code\": \"415\"                }              ],              \"commodity\": {                \"hub_commodity_key\": \"6c88169b2cf10bedc3e684c0e53de1b2\",                \"commodity_code\": \"480255\",                \"cc_year\": \"2010\",                \"cc_month\": \"12\",                \"hs_chapter\": \"48\",                \"hs_heading\": \"02\",                \"hs_chapter_heading\": \"4802\",                \"hs_subheading\": \"55\",                \"chapter_description\": \"PAPER AND PAPERBOARD; ARTICLES OF PAPER PULP, OF PAPER OR OF PAPERBOARD\",                \"heading_description\": \"Uncoated paper and paperboard, of a kind used for writing, printing or other graphic purposes, and non perforated punch- cards and punch tape paper, in rolls or rectangular (including square) sheets, of any size, other than paper of heading 48.01 or 48.03; hand-made paper and paperboard.\",                \"subheading_description\": \"Uncoated paper and paperboard, of a kind used for writing, printing or other graphic purposes, and non-perforated punchcards and punch-tape paper, in rolls of any size, not containing fibres obtained by a mechanical or chemi-mechanical process or of which <= 10% by weight of the total fibre content consists of such fibres, and weighing 40 g to 150 g/m?, n.e.s.\"              },              \"originCountry\": {                \"country_name\": \"Bangladesh\",                \"iso_country_code_alpha_2\": \"BD\"              },              \"importerTrader\": {                \"importer_trader_turn\": \"\\\\N\"              }            },            {              \"hub_declaration_line_key\": \"4822df0d2c30aaa72d4c28efe23c4d3f\",              \"entry_reference\": \"219-249099B-2013-07-14\",              \"item_number\": \"3\",              \"clearance_datetime\": \"2013-07-17 08:15:03.32\",              \"item_statistical_value\": \"569.91\",              \"customs_duty_paid\": \"\\\\N\",              \"vat_paid\": \"\\\\N\",              \"ec_supplementary_1\": \"XucaA\",              \"item_customs_value\": \"569.91\",              \"item_net_mass\": \"637.62\",              \"item_supplementary_units\": \"\\\\N\",              \"goods_description\": \"SAMPLE LIMESTONE\",              \"item_customs_check_code\": \"\\\\N\",              \"item_mic_code\": \"\\\\N\",              \"item_profile_id\": \"\\\\N\",              \"item_consignor_nad_name\": \"\\\\N\",              \"item_consignee_nad_name\": \"\\\\N\",              \"item_consignee_nad_postcode\": \"\\\\N\",              \"vat_value\": \"\\\\N\",              \"item_price_declared\": \"\\\\N\",              \"customsProcedureCode\": {                \"customs_procedure_code\": \"4000047\"              },              \"documents\": [                {                  \"hub_document_key\": \"4ea77000fd540430aec20d5d64633dbd\",                  \"document_sequence_number\": \"1\",                  \"sat_document_generation_number\": \"1\",                  \"item_document_code\": \"Y008\",                  \"item_document_status\": \"JA\",                  \"item_document_reference\": \"GBNAIrwKD\"                },                {                  \"hub_document_key\": \"fc6f70ff10dae0c930f480f5f63f4366\",                  \"document_sequence_number\": \"2\",                  \"sat_document_generation_number\": \"1\",                  \"item_document_code\": \"U090\",                  \"item_document_status\": \"FP\",                  \"item_document_reference\": \"mO001AE\"                }              ],              \"additionalInfo\": [                {                  \"hub_additional_info_key\": \"4ea77000fd540430aec20d5d64633dbd\",                  \"additional_information_sequence_number\": \"1\",                  \"sat_additional_info_generation_number\": \"1\",                  \"additional_information_statement\": \"PO\",                  \"additional_information_statement_type\": \"D09\",                  \"item_additional_information_statement\": \"POD09\"                }              ],              \"originCountry\": {                \"country_name\": \"Lebanon\",                \"iso_country_code_alpha_2\": \"LB\"              },              \"importerTrader\": {                \"importer_trader_turn\": \"\\\\N\"              }            },            {              \"hub_declaration_line_key\": \"63a6ab724e6dcbfd51fb35b30015ce72\",              \"entry_reference\": \"219-249099B-2013-07-14\",              \"item_number\": \"1\",              \"clearance_datetime\": \"2013-07-17 08:15:03.32\",              \"item_statistical_value\": \"458.3\",              \"customs_duty_paid\": \"\\\\N\",              \"vat_paid\": \"\\\\N\",              \"ec_supplementary_1\": \"XucaA\",              \"item_customs_value\": \"458.3\",              \"item_net_mass\": \"181.89\",              \"item_supplementary_units\": \"\\\\N\",              \"goods_description\": \"GUINESS SURGER BEER IN CANS\",              \"item_customs_check_code\": \"\\\\N\",              \"item_mic_code\": \"\\\\N\",              \"item_profile_id\": \"\\\\N\",              \"item_consignor_nad_name\": \"\\\\N\",              \"item_consignee_nad_name\": \"\\\\N\",              \"item_consignee_nad_postcode\": \"\\\\N\",              \"vat_value\": \"\\\\N\",              \"item_price_declared\": \"\\\\N\",              \"customsProcedureCode\": {                \"customs_procedure_code\": \"4000C07\"              },              \"documents\": [                {                  \"hub_document_key\": \"679a8ac4d5e0d68a94ee70f8b0302f78\",                  \"document_sequence_number\": \"1\",                  \"sat_document_generation_number\": \"1\",                  \"item_document_code\": \"U166\",                  \"item_document_status\": \"EP\",                  \"item_document_reference\": \"GB001UfbEJ\"                },                {                  \"hub_document_key\": \"a3cda9e97456498ac17892876e1c791f\",                  \"document_sequence_number\": \"2\",                  \"sat_document_generation_number\": \"1\",                  \"item_document_code\": \"N934\",                  \"item_document_status\": \"IE\",                  \"item_document_reference\": \"je bgqX\"                }              ],              \"additionalInfo\": [                {                  \"hub_additional_info_key\": \"679a8ac4d5e0d68a94ee70f8b0302f78\",                  \"additional_information_sequence_number\": \"1\",                  \"sat_additional_info_generation_number\": \"1\",                  \"additional_information_statement\": \"PO\",                  \"additional_information_statement_type\": \"D16\",                  \"item_additional_information_statement\": \"POD16\"                }              ],              \"commodity\": {                \"hub_commodity_key\": \"2dfc0f5d6b4b4344187550e969d8982f\",                \"commodity_code\": \"590500\",                \"cc_year\": \"2010\",                \"cc_month\": \"12\",                \"hs_chapter\": \"59\",                \"hs_heading\": \"05\",                \"hs_chapter_heading\": \"5905\",                \"hs_subheading\": \"00\",                \"chapter_description\": \"IMPREGNATED, COATED, COVERED OR LAMINATED TEXTILE FABRICS; TEXTILE ARTICLES OF A KIND SUITABLE FOR INDUSTRIAL USE\",                \"heading_description\": \"Textile wall coverings.\",                \"subheading_description\": \"Textile wallcoverings\"              },              \"originCountry\": {                \"country_name\": \"Togo\",                \"iso_country_code_alpha_2\": \"TG\"              },              \"importerTrader\": {                \"importer_trader_turn\": \"\\\\N\"              }            },            {              \"hub_declaration_line_key\": \"252c18a6a59ed143f15b80d04dd5601b\",              \"entry_reference\": \"219-249099B-2013-07-14\",              \"item_number\": \"4\",              \"clearance_datetime\": \"2013-07-17 08:15:03.32\",              \"item_statistical_value\": \"260.38\",              \"customs_duty_paid\": \"\\\\N\",              \"vat_paid\": \"\\\\N\",              \"ec_supplementary_1\": \"XucaA\",              \"item_customs_value\": \"260.38\",              \"item_net_mass\": \"46.25\",              \"item_supplementary_units\": \"\\\\N\",              \"goods_description\": \"CLOTHING / PERSONAL ITEMS\",              \"item_customs_check_code\": \"\\\\N\",              \"item_mic_code\": \"\\\\N\",              \"item_profile_id\": \"\\\\N\",              \"item_consignor_nad_name\": \"\\\\N\",              \"item_consignee_nad_name\": \"\\\\N\",              \"item_consignee_nad_postcode\": \"\\\\N\",              \"vat_value\": \"\\\\N\",              \"item_price_declared\": \"\\\\N\",              \"customsProcedureCode\": {                \"customs_procedure_code\": \"5300D09\"              },              \"documents\": [                {                  \"hub_document_key\": \"c56a15c1330e273c0dd27ce2075f84fb\",                  \"document_sequence_number\": \"1\",                  \"sat_document_generation_number\": \"1\",                  \"item_document_code\": \"N853\",                  \"item_document_status\": \"IS\",                  \"item_document_reference\": \"GB001\"                },                {                  \"hub_document_key\": \"ef1721a7660fc0461ea256868b950042\",                  \"document_sequence_number\": \"2\",                  \"sat_document_generation_number\": \"1\",                  \"item_document_code\": \"L116\",                  \"item_document_status\": \"SP\",                  \"item_document_reference\": \"dO rtUXs\"                }              ],              \"taxLines\": [                {                  \"hub_tax_line_key\": \"c56a15c1330e273c0dd27ce2075f84fb\",                  \"tax_line_sequence_number\": \"1\",                  \"sat_tax_line_generation_number\": \"1\",                  \"waived_tax\": \"921.53\",                  \"method_of_payment_code\": \"T\",                  \"tax_amount\": \"921.53\",                  \"tax_type_code\": \"511\"                }              ],              \"additionalInfo\": [                {                  \"hub_additional_info_key\": \"c56a15c1330e273c0dd27ce2075f84fb\",                  \"additional_information_sequence_number\": \"1\",                  \"sat_additional_info_generation_number\": \"1\",                  \"additional_information_statement\": \"PO\",                  \"additional_information_statement_type\": \"D19\",                  \"item_additional_information_statement\": \"POD19\"                }              ],              \"commodity\": {                \"hub_commodity_key\": \"6f7f2fb37a5771e72c2340e1f5439b49\",                \"commodity_code\": \"281511\",                \"cc_year\": \"2010\",                \"cc_month\": \"12\",                \"hs_chapter\": \"28\",                \"hs_heading\": \"15\",                \"hs_chapter_heading\": \"2815\",                \"hs_subheading\": \"11\",                \"chapter_description\": \"Inorganic chemicals; organic or inorganic compounds of precious metals, of rare- earth metals, of radioactive elements or of isotopes\",                \"heading_description\": \"Sodium hydroxide (caustic soda); potassium hydroxide (caustic potash); peroxides of sodium or potassium.\",                \"subheading_description\": \"Sodium hydroxide\"              },              \"originCountry\": {                \"country_name\": \"Korea, Democratic People's republic of\",                \"iso_country_code_alpha_2\": \"KP\"              },              \"importerTrader\": {                \"importer_trader_turn\": \"\\\\N\"              }            }          ]        }\n",
					"dataMode": "raw",
					"version": 2,
					"auth": null,
					"time": 1518014671464,
					"name": "Submit a bulk request with two declarations",
					"description": "Submit a bulk request with two declarations",
					"collectionId": "46a48183-bd60-c504-e471-dfaa33966843",
					"responses": [],
					"currentHelper": null,
					"helperAttributes": null
				},
				{
					"id": "55a70b1e-1222-10e1-37c6-d885a5f1671b",
					"headers": "Content-Type: application/json\n",
					"headerData": [
						{
							"key": "Content-Type",
							"value": "application/json",
							"description": "",
							"enabled": true
						}
					],
					"url": "http://localhost:9200/customs/declaration",
					"queryParams": [],
					"events": [],
					"pathVariables": {},
					"pathVariableData": [],
					"method": "POST",
					"data": "{\n    \"settings\" : {\n        \"index\" : {\n            \"number_of_shards\" : 3, \n            \"number_of_replicas\" : 2 \n        }\n    }\n}\n",
					"dataMode": "raw",
					"version": 2,
					"auth": null,
					"time": 1518014625687,
					"name": "Create a new index called customs",
					"description": "Create a new index called customs",
					"collectionId": "46a48183-bd60-c504-e471-dfaa33966843",
					"responses": [],
					"currentHelper": null,
					"helperAttributes": null
				},
				{
					"id": "79c2cbf7-e7d8-1cef-7f85-f5d493dd603b",
					"headers": "Content-Type: application/json\n",
					"headerData": [
						{
							"key": "Content-Type",
							"value": "application/json",
							"description": "",
							"enabled": true
						}
					],
					"url": "http://localhost:9200/customs",
					"queryParams": [],
					"events": [],
					"pathVariables": {},
					"pathVariableData": [],
					"method": "DELETE",
					"data": "{\n    \"actions\" : [\n        { \"add\" : { \"index\" : \"customs\", \"alias\" : \"customs_search_service\" } }\n    ]\n}\n",
					"dataMode": "raw",
					"version": 2,
					"auth": null,
					"time": 1518014701911,
					"name": "Delete an index",
					"description": "Delete an index",
					"collectionId": "46a48183-bd60-c504-e471-dfaa33966843",
					"responses": [],
					"currentHelper": null,
					"helperAttributes": null
				},
				{
					"id": "8fa4cd10-7ca6-4683-8d57-39199240cbe7",
					"headers": "Content-Type: application/json\n",
					"headerData": [
						{
							"key": "Content-Type",
							"value": "application/json",
							"description": "",
							"enabled": true
						}
					],
					"url": "http://localhost:9200/customs/declaration/219-249099X-2013-07-14",
					"queryParams": [],
					"events": [],
					"pathVariables": {},
					"pathVariableData": [],
					"method": "GET",
					"data": null,
					"dataMode": "params",
					"version": 2,
					"auth": null,
					"time": 1518014660112,
					"name": "Retrieve a single declaration",
					"description": "Retrieve a single declaration",
					"collectionId": "46a48183-bd60-c504-e471-dfaa33966843",
					"responses": [],
					"currentHelper": null,
					"helperAttributes": null
				},
				{
					"id": "ea4b010e-3155-9802-5711-69e319d21f2f",
					"headers": "",
					"headerData": [],
					"url": "http://localhost:9200/customs/declaration/_search",
					"queryParams": [],
					"events": [],
					"pathVariables": {},
					"pathVariableData": [],
					"method": "GET",
					"data": null,
					"dataMode": "params",
					"version": 2,
					"auth": null,
					"time": 1518014681689,
					"name": "Get all declarations",
					"description": "Get all declarations ",
					"collectionId": "46a48183-bd60-c504-e471-dfaa33966843",
					"responses": [],
					"currentHelper": null,
					"helperAttributes": null
				},
				{
					"id": "ec54dd74-fd27-5279-a703-67b710121f8b",
					"headers": "Content-Type: application/json\n",
					"headerData": [
						{
							"key": "Content-Type",
							"value": "application/json",
							"description": "",
							"enabled": true
						}
					],
					"url": "http://localhost:9200/_aliases",
					"queryParams": [],
					"pathVariables": {},
					"pathVariableData": [],
					"events": [],
					"auth": null,
					"method": "POST",
					"collectionId": "46a48183-bd60-c504-e471-dfaa33966843",
					"data": "{\n    \"actions\" : [\n        { \"remove\" : { \"index\" : \"customs\", \"alias\" : \"customs_search_service\" } }\n    ]\n}\n",
					"dataMode": "raw",
					"name": "Delete an alias",
					"description": "Delete an alias",
					"descriptionFormat": "html",
					"time": 1518015703302,
					"version": 2,
					"responses": [],
					"currentHelper": null,
					"helperAttributes": null
				}
			]
		}
	],
	"environments": [],
	"headerPresets": [],
	"globals": []
}