{
  "$schema": "http://json-schema.org/draft-06/schema#",
  "id" :"resource:/schema/v1/declaration-response.json#",
  "title": "v1/declaration-response",
  "description": "JSON schema for v1 declaration response",
  "type": "object",
  "properties": {
    "header": {
      "$ref": "#/definitions/declarationHeader",
      "description": "Declaration Header details."
    },
    "lines": {
      "$ref": "#/definitions/declarationLines",
      "description": "Declaration Line details."
    }
  },
  "required": [
    "header",
    "lines"
  ],
  "additionalProperties": false,
  "definitions": {
    "declarationHeader": {
      "type": "object",
      "properties": {
        "entry_reference": {
          "type": "string"
        },
        "entry_number": {
          "type": "string"
        },
        "entry_date": {
          "type": "string"
        },
        "epu_number": {
          "type": "string"
        },
        "entry_type": {
          "type": "string"
        },
        "route": {
          "type": "string"
        },
        "goods_location": {
          "type": "string"
        },
        "dispatch_country": {
          "type": "string"
        },
        "consignee_nad_name": {
          "type": "string"
        },
        "consignee_nad_postcode": {
          "type": "string"
        },
        "consignor_nad_name": {
          "type": "string"
        },
        "transport_mode_code": {
          "type": "string"
        },
        "importer_trader_turn": {
          "type": "string"
        }
      },
      "additionalProperties": false,
      "required": [
        "entry_reference",
        "entry_number",
        "epu_number",
        "entry_date"
      ]
    },
    "declarationLines": {
      "type": "array",
      "items": {
        "type": "object",
        "properties": {
          "entry_reference": {
            "type": "string"
          },
          "item_number": {
            "type": "string"
          },
          "clearance_datetime": {
            "type": "string"
          },
          "origin_country": {
            "type": "object",
            "properties": {
              "iso_country_code_alpha_2": {
                "type": "string"
              },
              "country_name": {
                "type": "string"
              }
            },
            "additionalProperties": false,
            "required": [
              "iso_country_code_alpha_2",
              "country_name"
            ]
          },
          "customs_procedure_code": {
            "type": "string"
          },
          "commodity": {
            "type": "object",
            "properties": {
              "commodity_code": {
                "type": "string"
              },
              "chapter_description": {
                "type": "string"
              },
              "heading_description": {
                "type": "string"
              }
            },
            "additionalProperties": false,
            "required": [
              "commodity_code"
            ]
          }
        },
        "additionalProperties": false,
        "required": [
          "entry_reference",
          "item_number",
          "commodity"
        ]
      }
    }
  }
}