base_dms_delta_prcsstus_versionnumber,bigint,
base_dms_delta_consship_tid,bigint,
base_dms_delta_consship_goodsshippedbycontainer,boolean,
base_dms_delta_consship_exitdate,varchar(17),
base_dms_delta_consship_ucr,varchar(35),
base_dms_delta_prcsstus_standard_createddate,varchar(29),
base_dms_delta_prcsstus_standard_createddate_timestamp,string,
base_dms_delta_prcsstus_standard_invaliddate,varchar(29),
base_dms_delta_prcsstus_standard_timestamp,varchar(29),
base_dms_delta_prcsstus_type,varchar(20),
base_dms_delta_declartn_tid,bigint,
base_dms_delta_declartn_versionnumber,bigint,
base_dms_delta_declartn_signature_name,varchar(30),
base_dms_delta_declartn_signature_place,varchar(20),
base_dms_delta_declartn_reference,varchar(35),
base_dms_delta_declartn_submitterreference,varchar(35),
base_dms_delta_declartn_acceptancedate,varchar(17),
base_dms_delta_declartn_standard_acceptancedate,string,
base_dms_delta_declartn_goodscommunitystatus,varchar(20),
base_dms_delta_declartn_goodsitemcount,int,
base_dms_delta_declartn_loadinglistcount,int,
base_dms_delta_declartn_packagecount,int,
base_dms_delta_declartn_procedurecategory,varchar(20),
base_dms_delta_declartn_totalgrossmass,"decimal(23,6)",
base_dms_delta_declartn_totalgrossmass_unittype,varchar(3),
base_dms_delta_declartn_trademovementtype,varchar(20),
base_dms_delta_declartn_type,varchar(20),
base_dms_delta_declartn_invoiceamount,"decimal(19,2)",
base_dms_delta_declartn_invoiceamount_unittype,varchar(3),
base_dms_delta_declartn_modeofentry,varchar(20),
base_dms_delta_declartn_communicationaddress,varchar(150),
base_dms_delta_declartn_receivedate,varchar(17),
base_dms_delta_declartn_standard_receivedate,string,
base_dms_delta_declartn_specificcircumstance,varchar(20),
base_dms_delta_cstposit_type,varchar(2),
base_dms_delta_cstposit_overallcontrolresult,varchar(3),
base_dms_delta_cstposit_reasontype,varchar(10),
base_dms_delta_cusmsdbt_coveragemode,varchar(20),
base_dms_delta_cusmsdbt_payableamount,"decimal(19,2)",
base_dms_delta_additmsg_communicationaddress,varchar(150),
base_dms_delta_additmsg_purpose,varchar(20),
base_dms_delta_ctrltask_riskassessmentresultid,bigint,
base_dms_delta_rskasnrs_controltype,varchar(2),
base_dms_delta_rskasnrs_conclusion,varchar(20),
base_dms_delta_rskasnrs_overallinstuction,varchar(256),
base_dms_delta_rskasnrs_totalscore,bigint,
base_dms_delta_rskasnrs_isblockingrelease,boolean,
base_dms_delta_ctrltask_type,varchar(20),
base_dms_delta_ctrltask_standard_action_timestamp,varchar(29),
base_dms_delta_ctrltask_isfinished,boolean,
base_dms_delta_ctrltask_controltype,varchar(20),
base_dms_delta_ctrltask_isblockingrelease,boolean,
base_dms_delta_ctrltask_status,varchar(20),
base_dms_delta_amndment_sequencenumber,bigint,
base_dms_delta_amndment_pointer,varchar(256),
base_dms_delta_duttaxfe_suspensionamount,"decimal(19,2)",
base_dms_delta_duttaxfe_suspensionamount_unittype,varchar(3),
base_dms_delta_duttaxfe_isaddedformanualcalculation,boolean,
base_dms_delta_duttaxfe_isaddedvat,boolean,
base_dms_delta_duttaxfe_isprovisional,boolean,
base_dms_delta_duttaxfe_issubjecttovat,boolean,
base_dms_delta_duttaxfe_type,varchar(20),
base_dms_delta_duttaxfe_base,"decimal(23,6)",
base_dms_delta_duttaxfe_rate,"decimal(21,3)",
base_dms_delta_duttaxfe_givenamount,"decimal(19,2)",
base_dms_delta_dclrdgrn_partyid,varchar(35),
base_dms_delta_dclrdgrn_sequencenumber,bigint,
base_dms_delta_dclrdgrn_grn,varchar(35),
base_dms_delta_dclrdgrn_accesscode,varchar(4),
base_dms_delta_dclrdgrn_customsofficeid,varchar(17),
base_dms_delta_dclrdgrn_dutyamount,"decimal(19,2)",
base_dms_delta_dclrdgrn_otherreference,varchar(70),
base_dms_delta_dclrdgrn_type,varchar(20),
base_dms_delta_additdoc_type,varchar(4),
base_dms_delta_additdoc_identifier,varchar(70),
base_dms_delta_additdoc_sequencenumber,bigint,
base_dms_delta_additdoc_amount,"decimal(19,2)",
base_dms_delta_additdoc_quantity,"decimal(23,6)",
base_dms_delta_additdoc_standard_effectivedate,varchar(29),
base_dms_delta_additdoc_issuername,varchar(17),
base_dms_delta_additdoc_name,varchar(35),
base_dms_delta_additdoc_exemption,varchar(3),
base_dms_delta_ctrlrest_externalexplanation,varchar(250),
base_dms_delta_ctrlrest_internalexplanation,varchar(250),
base_dms_delta_ctrlrest_identificationsmeans,varchar(20),
base_dms_delta_ctrlrest_type,varchar(20),
base_dms_delta_ctrlrest_isblockingrelease,boolean,
base_dms_delta_ctrlrest_opposition,varchar(20),
base_dms_delta_ctrlrest_isfinal,boolean,
base_dms_delta_ctrlrest_isprocessed,boolean,
base_dms_delta_ctrlrest_actor,varchar(35),
base_dms_delta_paymentf_iscashpayment,boolean,
base_dms_delta_paymentf_standard_duedate,varchar(29),
base_dms_delta_paymentf_amount,"decimal(19,2)",
base_dms_delta_paymentf_amount_unittype,varchar(3),
base_dms_delta_paymentf_taxamount,"decimal(19,2)",
base_dms_delta_paymentf_taxamount_unittype,varchar(3),
base_dms_delta_derived_cntregrl_country_consship_countryofdispatch,string,
base_dms_delta_derived_cntregrl_country_consship_countryofexport,string,
base_dms_delta_derived_cntregrl_country_consship_countryoforigin,string,
base_dms_delta_derived_cntregrl_country_consship_countryoffinaldest,string,
base_dms_delta_derived_cntregrl_country_consship_countryoffirstdest,string,
base_dms_delta_derived_cntregrl_country_consship_countryofrouting,string,
base_dms_delta_derived_prtyrole_partyid_number_declartn_agentsrep,string,
base_dms_delta_derived_prtyrole_partyid_number_declartn_declartnlarant,string,
base_dms_delta_derived_prtyrole_partyid_number_declartn_consignee,string,
base_dms_delta_derived_prtyrole_partyid_number_declartn_consignor,string,
base_dms_delta_derived_prtyrole_partyid_number_declartn_importer,string,
base_dms_delta_derived_prtyrole_partyid_number_declartn_submitter,string,
base_dms_delta_derived_prtyrole_partyid_number_declartn_buyer,string,
base_dms_delta_derived_prtyrole_partyid_number_declartn_exporter,string,
base_dms_delta_derived_prtyrole_partyid_number_declartn_surety,string,
base_dms_delta_derived_prtyrole_partyid_number_declartn_seller,string,
base_dms_delta_derived_prtyrole_partyid_number_declartn_refundrecipient,string,
base_dms_delta_prtyrole_partyid_type,string,
base_dms_delta_derived_prtyrole_partyid_number_consship_agentsrep,string,
base_dms_delta_derived_prtyrole_partyid_number_consship_declarant,string,
base_dms_delta_derived_prtyrole_partyid_number_consship_consshipsignee,string,
base_dms_delta_derived_prtyrole_partyid_number_consship_consshipsignor,string,
base_dms_delta_derived_prtyrole_partyid_number_consship_importer,string,
base_dms_delta_derived_prtyrole_partyid_number_consship_submitter,string,
base_dms_delta_derived_prtyrole_partyid_number_consship_buyer,string,
base_dms_delta_derived_prtyrole_partyid_number_consship_exporter,string,
base_dms_delta_derived_prtyrole_partyid_number_consship_surety,string,
base_dms_delta_derived_prtyrole_partyid_number_consship_seller,string,
base_dms_delta_derived_prtyrole_partyid_number_consship_refundrecipient,string,
base_dms_delta_custwref_warehousename,varchar(40),
base_dms_delta_custwref_warehouseid,varchar(20),
base_dms_delta_custwref_warehousetype,varchar(20),
base_dms_delta_invoicef_invoiceid,varchar(30),
base_dms_delta_invoicef_standard_invoicedate,varchar(29),
base_dms_delta_tradtrms_location,varchar(5),
base_dms_delta_tradtrms_locationname,varchar(30),
base_dms_delta_tradtrms_type,varchar(3),
base_dms_delta_tradtrms_situation,varchar(20),
base_dms_delta_tradtrms_description,varchar(250),
base_dms_delta_trnspmns_identifier,varchar(35),
base_dms_delta_trnspmns_role,varchar(20),
base_dms_delta_derived_role1,string,
base_dms_delta_trnspmns_type,varchar(20),
base_dms_delta_derived_type1,string,
base_dms_delta_trnspmns_nationality,varchar(20),
base_dms_delta_loctnrol_locationname,varchar(256),
base_dms_delta_loctnrol_locationid,varchar(256),
base_dms_delta_loctnrol_type,varchar(20),
base_dms_delta_loctnrol_locationadditionalid,varchar(30),
base_dms_delta_loctnrol_locationidentificationtype,varchar(20),
base_dms_delta_loctnrol_locationtype,varchar(20),
base_dms_delta_dclrdttf_methodofpayment,varchar(3),
base_dms_delta_dclrdttf_preference,varchar(10),
base_dms_delta_dclrdttf_reliefamount,"decimal(19,2)",
base_dms_delta_dclrdttf_reliefamount_unittype,varchar(3),
base_dms_delta_dclrdttf_totalamount,"decimal(19,2)",
base_dms_delta_dclrdttf_totalamount_unittype,varchar(3),
base_dms_delta_dclrdttf_type,varchar(20),
base_dms_delta_dclrdttf_advalorembase,"decimal(23,6)",
base_dms_delta_dclrdttf_rate,"decimal(21,3)",
base_dms_delta_dclrdttf_rate_unittype,varchar(3),
base_dms_delta_dclrdttf_specificbase,"decimal(23,6)",
base_dms_delta_dclrdttf_specificbase_unittype,varchar(3),
base_dms_delta_dclrdttf_specificbase_qualifier,varchar(3),
base_dms_delta_dclrdttf_quotaordernumber,varchar(10),
base_dms_delta_dclrdttf_payableamount,"decimal(19,2)",
base_dms_delta_dclrdttf_payableamount_unittype,varchar(3),
base_dms_delta_derived_chief_route,tinyint,
base_dms_delta_derived_comcode,string,
base_dms_delta_derived_1stadditionaltaric,string,
base_dms_delta_derived_iscomplete,string,
base_dms_delta_declartn_cdap_sequence_number,int,
