{
  "declarationId": "2000000000000001",
  "entryNumber": "249099x",
  "entryDate": "2018-01-01 16:04:49.32",
  "epuNumber": "219",
  "route": "F",
  "goodsLocation": "LCY",
  "transportModeCode": "tmc",
  "dispatchCountry" : {
    "code" : "dispatch-country-code"
  },
  "consignorName": "Header Consignor name",
  "consignorPostcode":  "AB4 6CD",
  "consigneeName": "Header NAD name",
  "consigneePostcode": "HN4 0PC",
  "destinationCountry": "TV",
  "headerDestinationCountry" : {
    "code": "TV"
  },
  "consignorTurn": "582109443894367",
  "consigneeTurn": "976072558688",
  "lines": [
    {
      "itemNumber": 1,
      "commodityCode": "551030",
      "originCountry": {
        "code": "PG"
      },
      "cpc": "4000C36",
	  "dispatchCountryCode": "dispatch-country-code",
      "itemDispatchCountry": {
        "code": "dispatch-country-code"
      },
	  "destinationCountryCode": "destination-country-code",
	  "clearanceDate": "clearance-date",
	  "itemConsigneeTurn": "731411813911",
	  "itemConsignorTurn": "item-consignor-turn",
	  "itemRoute": "item-route",
	  "itemConsigneeName": "Item NAD name",
	  "itemConsigneePostcode": "IN4 0PC",
	  "itemConsignorName": "item-consignor-name",
	  "itemConsignorPostcode": "item-consignor-postcode"
    }
  ]
}
