{
  "declarationId": "2000000000000004",
  "entryNumber": "249099z",
  "entryDate": "2018-01-04 16:04:49.34",
  "epuNumber": "221",
  "route": "H",
  "goodsLocation": "LCZ",
  "transportModeCode": "tme",
  "dispatchCountry": {
    "code": "\\N"
  },
  "consignorName": "Header Consignor name3",
  "consignorPostcode":  "AB4 6CF",
  "consigneeName": "Header NAD name3",
  "consigneePostcode": "HN4 0PE",
  "destinationCountry" : {
    "code": "TX"
  },
  "consignorTurn": "582109443894369",
  "consigneeTurn": "976072558690"
}
