{
  "declarationId": "2000000000000002",
  "entryNumber": "249099y",
  "entryDate": "2018-01-02 16:04:49.33",
  "epuNumber": "220",
  "route": "G",
  "goodsLocation": "LCX",
  "transportModeCode": "tmd",
  "dispatchCountry": "\\N",
  "consignorName": "Header Consignor name2",
  "consignorPostcode":  "AB4 6CE",
  "consigneeName": "Header NAD name2",
  "consigneePostcode": "HN4 0PD",
  "destinationCountry": "TW",
  "consignorTurn": "582109443894368",
  "consigneeTurn": "976072558689",
  "lines": [
    {
      "itemNumber": 1,
      "commodityCode": "551031",
      "originCountry": {
        "code": "PH"
      },
      "cpc": "4000C37",
      "dispatchCountryCode": "dispatch-country-code2",
      "itemDispatchCountry": {
        "code": "dispatch-country-code2"
      },
      "destinationCountryCode": "destination-country-code2",
      "clearanceDate": "clearance-date2",
      "itemConsigneeTurn": "731411813912",
      "itemConsignorTurn": "item-consignor-turn2",
      "itemRoute": "item-route2",
      "itemConsigneeName": "Item NAD name2",
      "itemConsigneePostcode": "IN4 0PD",
      "itemConsignorName": "item-consignor-name2",
      "itemConsignorPostcode": "item-consignor-postcode2"
    }
  ]
}
