{
  "definitions": [
    {
      "header": true,
      "label": "Declaration ID",
      "type": "STRING",
      "path": "",
      "id": "declarationId",
      "tooltip": "",
      "clickAction": "NONE",
      "parentId": ""
    },
    {
      "header": true,
      "label": "Import/Export",
      "type": "STRING",
      "path": "",
      "id": "importExportIndicator",
      "tooltip": "",
      "clickAction": "NONE",
      "parentId": ""
    },
    {
      "header": true,
      "label": "Declaration Source",
      "type": "STRING",
      "path": "",
      "id": "declarationSource",
      "tooltip": "",
      "clickAction": "NONE",
      "parentId": ""
    },
    {
      "header": false,
      "label": "Entry Date",
      "type": "TIMESTAMP",
      "path": "",
      "id": "entryDate",
      "tooltip": "",
      "clickAction": "NONE",
      "parentId": ""
    },
    {
      "header": false,
      "label": "Route of Entry",
      "type": "STRING",
      "path": "",
      "id": "route",
      "tooltip": "",
      "clickAction": "NONE",
      "parentId": ""
    },
    {
      "header": false,
      "label": "Goods Location",
      "type": "STRING",
      "path": "",
      "id": "goodsLocation",
      "tooltip": "",
      "clickAction": "NONE",
      "parentId": ""
    },
    {
      "header": false,
      "label": "Country of Dispatch",
      "type": "STRING",
      "path": ".code",
      "id": "dispatchCountry",
      "tooltip": "",
      "clickAction": "NONE",
      "parentId": ""
    },
    {
      "header": false,
      "label": "Country of Destination",
      "type": "STRING",
      "path": ".code",
      "id": "destinationCountry",
      "tooltip": "",
      "clickAction": "NONE",
      "parentId": ""
    },
    {
      "header": false,
      "label": "Mode of Transport",
      "type": "STRING",
      "path": "",
      "id": "transportModeCode",
      "tooltip": "",
      "clickAction": "NONE",
      "parentId": ""
    }
  ]
}