{
  "definitions": [
    {
      "header": true,
      "label": "Declaration ID",
      "type": "STRING",
      "path": "",
      "id": "declarationId",
      "tooltip": "",
      "clickAction": "NONE",
      "parentId": ""
    },
    {
      "header": true,
      "label": "Import/Export",
      "type": "STRING",
      "path": "",
      "id": "importExportIndicator",
      "tooltip": "",
      "clickAction": "NONE",
      "parentId": ""
    },
    {
      "header": true,
      "label": "Declaration Source",
      "type": "STRING",
      "path": "",
      "id": "declarationSource",
      "tooltip": "",
      "clickAction": "NONE",
      "parentId": ""
    },
    {
      "header": true,
      "label": "Declaration Type",
      "type": "STRING",
      "path": "",
      "id": "declarationType",
      "tooltip": "",
      "clickAction": "NONE",
      "parentId": ""
    },
    {
      "header": false,
      "label": "Processing Status",
      "type": "STRING",
      "path": "",
      "id": "processingStatus",
      "tooltip": "",
      "clickAction": "NONE",
      "parentId": ""
    },
    {
      "header": false,
      "label": "Entry Date",
      "type": "TIMESTAMP",
      "path": "",
      "id": "entryDate",
      "tooltip": "",
      "clickAction": "NONE",
      "parentId": ""
    },
    {
      "header": false,
      "label": "EPU",
      "type": "STRING",
      "path": "",
      "id": "epuNumber",
      "tooltip": "",
      "clickAction": "NONE",
      "parentId": ""
    },
    {
      "header": false,
      "label": "Entry Number",
      "type": "STRING",
      "path": "",
      "id": "entryNumber",
      "tooltip": "",
      "clickAction": "NONE",
      "parentId": ""
    },
    {
      "header": false,
      "label": "Acceptance Date",
      "type": "TIMESTAMP",
      "path": "",
      "id": "acceptanceDate",
      "tooltip": "",
      "clickAction": "NONE",
      "parentId": ""
    },
    {
      "header": false,
      "label": "Route of Entry",
      "type": "STRING",
      "path": "",
      "id": "route",
      "tooltip": "",
      "clickAction": "NONE",
      "parentId": ""
    },
    {
      "header": false,
      "label": "Goods Location",
      "type": "STRING",
      "path": "",
      "id": "goodsLocation",
      "tooltip": "",
      "clickAction": "NONE",
      "parentId": ""
    },
    {
      "header": false,
      "label": "Country of Dispatch",
      "type": "STRING",
      "path": ".code",
      "id": "dispatchCountry",
      "tooltip": "",
      "clickAction": "NONE",
      "parentId": ""
    },
    {
      "header": false,
      "label": "Country of Destination",
      "type": "STRING",
      "path": ".code",
      "id": "destinationCountry",
      "tooltip": "",
      "clickAction": "NONE",
      "parentId": ""
    },
    {
      "header": false,
      "label": "Place of Loading",
      "type": "STRING",
      "path": "",
      "id": "placeOfLoading",
      "tooltip": "",
      "clickAction": "NONE",
      "parentId": ""
    },
    {
      "header": false,
      "label": "Mode of Transport",
      "type": "STRING",
      "path": "",
      "id": "transportModeCode",
      "tooltip": "",
      "clickAction": "NONE",
      "parentId": ""
    },
    {
      "header": false,
      "label": "Inland Mode of Transport",
      "type": "STRING",
      "path": "",
      "id": "inlandTransportMode",
      "tooltip": "",
      "clickAction": "NONE",
      "parentId": ""
    },
    {
      "header": false,
      "label": "Transport ID",
      "type": "STRING",
      "path": "",
      "id": "transportId",
      "tooltip": "",
      "clickAction": "NONE",
      "parentId": ""
    },
    {
      "header":false,
      "label":"Premises ID",
      "type":"STRING",
      "path": "",
      "id":"premisesId",
      "tooltip": "",
      "clickAction": "NONE",
      "parentId": ""
    },
    {
      "header": false,
      "label": "Total Packages",
      "type": "STRING",
      "path": "",
      "id": "totalPackages",
      "tooltip": "",
      "clickAction": "NONE",
      "parentId": ""
    },
    {
      "header":false,
      "label":"Gross Mass",
      "type":"STRING",
      "path": "",
      "id":"grossMass",
      "tooltip": "",
      "clickAction": "NONE",
      "parentId": ""
    },
    {
      "header": false,
      "label": "Invoice Currency",
      "type": "STRING",
      "path": "",
      "id": "invoiceCurrency",
      "tooltip": "",
      "clickAction": "NONE",
      "parentId": ""
    },
    {
      "header": false,
      "label": "Invoice Total",
      "type": "STRING",
      "path": "",
      "id": "invoiceTotal",
      "tooltip": "",
      "clickAction": "NONE",
      "parentId": ""
    },
    {
      "header": false,
      "label": "Duty Currency",
      "type": "STRING",
      "path": "",
      "id": "declarationCurrency",
      "tooltip": "",
      "clickAction": "NONE",
      "parentId": ""
    },
    {
      "header": false,
      "label": "Total Duty",
      "type": "STRING",
      "path": "",
      "id": "totalDuty",
      "tooltip": "",
      "clickAction": "NONE",
      "parentId": ""
    },
    {
      "header": false,
      "label": "Consignee EORI",
      "type": "STRING",
      "path": ".eori",
      "id": "consignee",
      "tooltip": "",
      "clickAction": "NONE",
      "parentId": ""
    },
    {
      "header": false,
      "label": "Consignee Name",
      "type": "STRING",
      "path": ".name",
      "id": "consignee",
      "tooltip": "",
      "clickAction": "NONE",
      "parentId": ""
    },
    {
      "header": false,
      "label": "Consignee Postcode",
      "type": "STRING",
      "path": ".postcode",
      "id": "consignee",
      "tooltip": "",
      "clickAction": "NONE",
      "parentId": ""
    },
    {
      "header": false,
      "label": "Consignor EORI",
      "type": "STRING",
      "path": ".eori",
      "id": "consignor",
      "tooltip": "",
      "clickAction": "NONE",
      "parentId": ""
    },
    {
      "header": false,
      "label": "Consignor Name",
      "type": "STRING",
      "path": ".name",
      "id": "consignor",
      "tooltip": "",
      "clickAction": "NONE",
      "parentId": ""
    },
    {
      "header": false,
      "label": "Consignor Postcode",
      "type": "STRING",
      "path": ".postcode",
      "id": "consignor",
      "tooltip": "",
      "clickAction": "NONE",
      "parentId": ""
    },
    {
      "header": false,
      "label": "Declarant EORI",
      "type": "STRING",
      "path": ".eori",
      "id": "declarant",
      "tooltip": "",
      "clickAction": "NONE",
      "parentId": ""
    },
    {
      "header": false,
      "label": "Declarant Name",
      "type": "STRING",
      "path": ".name",
      "id": "declarant",
      "tooltip": "",
      "clickAction": "NONE",
      "parentId": ""
    },
    {
      "header": false,
      "label": "Declarant Postcode",
      "type": "STRING",
      "path": ".postcode",
      "id": "declarant",
      "tooltip": "",
      "clickAction": "NONE",
      "parentId": ""
    },
    {
      "header": false,
      "label": "Declarant Representation",
      "type": "STRING",
      "path": "",
      "id": "declarantRepresentation",
      "tooltip": "",
      "clickAction": "NONE",
      "parentId": ""
    },
    {
      "header":false,
      "label":"Conversation ID",
      "type":"TRUNCATED",
      "path": "",
      "id":"communicationId",
      "tooltip": "Click on the Conversation ID value to copy to clipboard.",
      "clickAction": "COPY",
      "parentId": ""
    }
  ]
}