{
  "definitions": [
    {
      "id": "itemRoute",
      "header": false,
      "label": "Route of Entry",
      "type": "STRING",
      "path": "",
      "tooltip": "",
      "clickAction": "NONE",
      "parentId": ""
    },
    {
      "id": "cpc",
      "header": false,
      "label": "CPC",
      "type": "STRING",
      "path": "",
      "tooltip": "",
      "clickAction": "NONE",
      "parentId": ""
    },
    {
      "id": "clearanceDate",
      "header": false,
      "label": "Clearance Date",
      "type": "TIMESTAMP",
      "path": "",
      "tooltip": "",
      "clickAction": "NONE",
      "parentId": ""
    },
    {
      "id": "originCountry",
      "header": false,
      "label": "Country of Origin",
      "type": "STRING",
      "path": ".code",
      "tooltip": "",
      "clickAction": "NONE",
      "parentId": ""
    },
    {
      "id": "itemDispatchCountry",
      "header": false,
      "label": "Country of Dispatch",
      "type": "STRING",
      "path": ".code",
      "tooltip": "",
      "clickAction": "NONE",
      "parentId": ""
    },
    {
      "id": "itemDestinationCountry",
      "header": false,
      "label": "Country Of Final Destination",
      "type": "STRING",
      "path": ".code",
      "tooltip": "",
      "clickAction": "NONE",
      "parentId": ""
    },
    {
      "id": "goodsDescription",
      "header": false,
      "label": "Goods Description",
      "type": "STRING",
      "path": "",
      "tooltip": "",
      "clickAction": "NONE",
      "parentId": ""
    },
    {
      "id": "grossMass",
      "header": false,
      "label": "Gross Mass (Kg)",
      "type": "STRING",
      "path": "",
      "tooltip": "",
      "clickAction": "NONE",
      "parentId": ""
    },
    {
      "id": "netMass",
      "header": false,
      "label": "Net Mass (Kg)",
      "type": "STRING",
      "path": "",
      "tooltip": "",
      "clickAction": "NONE",
      "parentId": ""
    },
    {
      "id": "quotaNumber",
      "header": false,
      "label": "Quota Number",
      "type": "STRING",
      "path": "",
      "tooltip": "",
      "clickAction": "NONE",
      "parentId": ""
    },
    {
      "id": "preferenceNumber",
      "header": false,
      "label": "Preference Number",
      "type": "STRING",
      "path": "",
      "tooltip": "",
      "clickAction": "NONE",
      "parentId": ""
    },
    {
      "id": "supplementaryUnits",
      "header": false,
      "label": "Supplementary Units",
      "type": "STRING",
      "path": "",
      "tooltip": "",
      "clickAction": "NONE",
      "parentId": ""
    },
    {
      "id": "invoiceCurrency",
      "header": false,
      "label": "Item Currency",
      "type": "STRING",
      "path": "",
      "tooltip": "",
      "clickAction": "NONE",
      "parentId": ""
    },
    {
      "id": "itemPrice",
      "header": false,
      "label": "Item Price",
      "type": "STRING",
      "path": "",
      "tooltip": "",
      "clickAction": "NONE",
      "parentId": ""
    },
    {
      "id": "statisticalValue",
      "header": false,
      "label": "Statistical Value",
      "type": "STRING",
      "path": "",
      "tooltip": "",
      "clickAction": "NONE",
      "parentId": ""
    },
    {
      "id": "commodityCode",
      "header": false,
      "label": "Commodity Code",
      "type": "STRING",
      "path": "",
      "tooltip": "",
      "clickAction": "NONE",
      "parentId": ""
    },
    {
      "id": "valuationMethod",
      "header": false,
      "label": "Valuation Method",
      "type": "STRING",
      "path": "",
      "tooltip": "",
      "clickAction": "NONE",
      "parentId": ""
    },
    {
      "id": "valuationAdjustmentCode",
      "header": false,
      "label": "Valuation Adjustment Code",
      "type": "STRING",
      "path": "",
      "tooltip": "",
      "clickAction": "NONE",
      "parentId": ""
    },
    {
      "id": "valuationAdjustmentCurrency",
      "header": false,
      "label": "Valuation Adjustment Currency",
      "type": "STRING",
      "path": "",
      "tooltip": "",
      "clickAction": "NONE",
      "parentId": ""
    },
    {
      "id": "valuationAdjustmentAmount",
      "header": false,
      "label": "Valuation Adjustment Amount",
      "type": "STRING",
      "path": "",
      "tooltip": "",
      "clickAction": "NONE",
      "parentId": ""
    },
    {
      "id": "itemConsignee",
      "header": false,
      "label": "Consignee EORI",
      "type": "STRING",
      "path": ".eori",
      "tooltip": "",
      "clickAction": "NONE",
      "parentId": ""
    },
    {
      "id": "itemConsignee",
      "header": false,
      "label": "Consignee Name",
      "type": "STRING",
      "path": ".name",
      "tooltip": "",
      "clickAction": "NONE",
      "parentId": ""
    },
    {
      "id": "itemConsignee",
      "header": false,
      "label": "Consignee Postcode",
      "type": "STRING",
      "path": ".postcode",
      "tooltip": "",
      "clickAction": "NONE",
      "parentId": ""
    },
    {
      "id": "itemConsignor",
      "header": false,
      "label": "Consignor EORI",
      "type": "STRING",
      "path": ".eori",
      "tooltip": "",
      "clickAction": "NONE",
      "parentId": ""
    },
    {
      "id": "itemConsignor",
      "header": false,
      "label": "Consignor Name",
      "type": "STRING",
      "path": ".name",
      "tooltip": "",
      "clickAction": "NONE",
      "parentId": ""
    },
    {
      "id": "itemConsignor",
      "header": false,
      "label": "Consignor Postcode",
      "type": "STRING",
      "path": ".postcode",
      "tooltip": "",
      "clickAction": "NONE",
      "parentId": ""
    },
    {
      "id": "itemDeclarant",
      "header": false,
      "label": "Declarant EORI",
      "type": "STRING",
      "path": ".eori",
      "tooltip": "",
      "clickAction": "NONE",
      "parentId": ""
    },
    {
      "id": "itemDeclarant",
      "header": false,
      "label": "Declarant Name",
      "type": "STRING",
      "path": ".name",
      "tooltip": "",
      "clickAction": "NONE",
      "parentId": ""
    },
    {
      "id": "itemDeclarant",
      "header": false,
      "label": "Declarant Postcode",
      "type": "STRING",
      "path": ".postcode",
      "tooltip": "",
      "clickAction": "NONE",
      "parentId": ""
    },
    {
      "id": "taxLines",
      "header": false,
      "label": "Tax Lines",
      "type": "LIST",
      "path": "",
      "tooltip": "",
      "clickAction": "NONE",
      "parentId": ""
    },
    {
      "id": "taxLineSequenceNumber",
      "header": false,
      "label": "Tax Sequence Number",
      "type": "STRING",
      "path": "",
      "tooltip": "",
      "clickAction": "NONE",
      "parentId": "taxLines"
    },
    {
      "id": "taxTypeCode",
      "header": false,
      "label": "Tax Type Code",
      "type": "STRING",
      "path": "",
      "tooltip": "",
      "clickAction": "NONE",
      "parentId": "taxLines"
    },
    {
      "id": "taxBaseAmount",
      "header": false,
      "label": "Tax Base (Amount)",
      "type": "STRING",
      "path": "",
      "tooltip": "",
      "clickAction": "NONE",
      "parentId": "taxLines"
    },
    {
      "id": "taxBaseAmountCalculated",
      "header": false,
      "label": "Tax Base (Amount) Calculated",
      "type": "STRING",
      "path": "",
      "tooltip": "",
      "clickAction": "NONE",
      "parentId": "taxLines"
    },
    {
      "id": "taxBaseQuantity",
      "header": false,
      "label": "Tax Base (Quantity)",
      "type": "STRING",
      "path": "",
      "tooltip": "",
      "clickAction": "NONE",
      "parentId": "taxLines"
    },
    {
      "id": "taxRateIdentifier",
      "header": false,
      "label": "Tax Rate Identifier",
      "type": "STRING",
      "path": "",
      "tooltip": "",
      "clickAction": "NONE",
      "parentId": "taxLines"
    },
    {
      "id": "taxOverrideCode",
      "header": false,
      "label": "Tax Override Code",
      "type": "STRING",
      "path": "",
      "tooltip": "",
      "clickAction": "NONE",
      "parentId": "taxLines"
    },
    {
      "id": "taxAmount",
      "header": false,
      "label": "Tax Amount",
      "type": "STRING",
      "path": "",
      "tooltip": "",
      "clickAction": "NONE",
      "parentId": "taxLines"
    },
    {
      "id": "taxAmountCalculated",
      "header": false,
      "label": "Tax Amount Calculated",
      "type": "STRING",
      "path": "",
      "tooltip": "",
      "clickAction": "NONE",
      "parentId": "taxLines"
    },
    {
      "id": "methodOfPaymentCode",
      "header": false,
      "label": "Method Of Payment Code",
      "type": "STRING",
      "path": "",
      "tooltip": "",
      "clickAction": "NONE",
      "parentId": "taxLines"
    },
    {
      "id": "taxAmountIndicator",
      "header": false,
      "label": "Declared or Calculated",
      "type": "STRING",
      "path": "",
      "tooltip": "",
      "clickAction": "NONE",
      "parentId": "taxLines"
    },
    {
      "id": "routes",
      "header": false,
      "label": "Routes",
      "type": "LIST",
      "path": "",
      "tooltip": "",
      "clickAction": "NONE",
      "parentId": ""
    },
    {
      "id": "routeSequenceNumber",
      "header": false,
      "label": "Route Sequence Number",
      "type": "STRING",
      "path": "",
      "tooltip": "",
      "clickAction": "NONE",
      "parentId": "routes"
    },
    {
      "id": "routeCountryCode",
      "header": false,
      "label": "Route Country Code",
      "type": "STRING",
      "path": "",
      "tooltip": "",
      "clickAction": "NONE",
      "parentId": "routes"
    },
    {
      "id": "additionalInfo",
      "header": false,
      "label": "Additional Info",
      "type": "LIST",
      "path": "",
      "tooltip": "",
      "clickAction": "NONE",
      "parentId": ""
    },
    {
      "id": "additionalInfoSequenceNumber",
      "header": false,
      "label": "AI Sequence Number",
      "type": "STRING",
      "path": "",
      "tooltip": "",
      "clickAction": "NONE",
      "parentId": "additionalInfo"
    },
    {
      "id": "additionalInfoStatement",
      "header": false,
      "label": "AI Statement",
      "type": "STRING",
      "path": "",
      "tooltip": "",
      "clickAction": "NONE",
      "parentId": "additionalInfo"
    },
    {
      "id": "additionalInfoStatementDescription",
      "header": false,
      "label": "AI Statement Description",
      "type": "STRING",
      "path": "",
      "tooltip": "",
      "clickAction": "NONE",
      "parentId": "additionalInfo"
    },
    {
      "id": "previousDocuments",
      "header": false,
      "label": "Previous Documents",
      "type": "LIST",
      "path": "",
      "tooltip": "",
      "clickAction": "NONE",
      "parentId": ""
    },
    {
      "id": "previousDocumentSequenceNumber",
      "header": false,
      "label": "Previous Document Sequence Number",
      "type": "STRING",
      "path": "",
      "tooltip": "",
      "clickAction": "NONE",
      "parentId": "previousDocuments"
    },
    {
      "id": "previousDocumentClass",
      "header": false,
      "label": "Previous Document Class",
      "type": "STRING",
      "path": "",
      "tooltip": "",
      "clickAction": "NONE",
      "parentId": "previousDocuments"
    },
    {
      "id": "containers",
      "header": false,
      "label": "Containers",
      "type": "LIST",
      "path": "",
      "tooltip": "",
      "clickAction": "NONE",
      "parentId": ""
    },
    {
      "id": "containerSequenceNumber",
      "header": false,
      "label": "Container Sequence Number",
      "type": "STRING",
      "path": "",
      "tooltip": "",
      "clickAction": "NONE",
      "parentId": "containers"
    },
    {
      "id": "containerNumber",
      "header": false,
      "label": "Container Number",
      "type": "STRING",
      "path": "",
      "tooltip": "",
      "clickAction": "NONE",
      "parentId": "containers"
    },
    {
      "id": "packages",
      "header": false,
      "label": "Packages",
      "type": "LIST",
      "path": "",
      "tooltip": "",
      "clickAction": "NONE",
      "parentId": ""
    },
    {
      "id": "packageSequenceNumber",
      "header": false,
      "label": "Package Sequence Number",
      "type": "STRING",
      "path": "",
      "tooltip": "",
      "clickAction": "NONE",
      "parentId": "packages"
    },
    {
      "id": "packageCount",
      "header": false,
      "label": "Package Count",
      "type": "STRING",
      "path": "",
      "tooltip": "",
      "clickAction": "NONE",
      "parentId": "packages"
    },
    {
      "id": "packageKind",
      "header": false,
      "label": "Package Kind",
      "type": "STRING",
      "path": "",
      "tooltip": "",
      "clickAction": "NONE",
      "parentId": "packages"
    },
    {
      "id": "packageMarks",
      "header": false,
      "label": "Package Marks",
      "type": "STRING",
      "path": "",
      "tooltip": "",
      "clickAction": "NONE",
      "parentId": "packages"
    }
  ]
}