<?xml version="1.0" encoding="UTF-8"?>
<beans xmlns="http://www.springframework.org/schema/beans"
	   xmlns:xsi="http://www.w3.org/2001/XMLSchema-instance"
	   xmlns:context="http://www.springframework.org/schema/context"
	   xmlns:task="http://www.springframework.org/schema/task"
	   xsi:schemaLocation="http://www.springframework.org/schema/beans http://www.springframework.org/schema/beans/spring-beans-4.1.xsd
		http://www.springframework.org/schema/context http://www.springframework.org/schema/context/spring-context-4.1.xsd
	   	http://www.springframework.org/schema/task http://www.springframework.org/schema/task/spring-task-4.1.xsd">

	<import resource="classpath:/spring/spring-libUtil-properties.xml" />
	<import resource="classpath:/spring/spring-libUtil-typeConversion.xml" />

	<context:component-scan base-package="com.leadx.esignature">
		<context:exclude-filter type="annotation" expression="org.springframework.stereotype.Controller" />
	</context:component-scan>

	<context:component-scan base-package="com.leadx.lib.s3"/>

	<bean id="s3StorageService" class="com.leadx.lib.s3.S3StorageServiceImpl" />

	<bean id="awsCredentials" class="com.amazonaws.auth.BasicAWSCredentials">
		<constructor-arg>
			<value>${aws.accessKey}</value>
		</constructor-arg>
		<constructor-arg>
			<value>${aws.secretKey}</value>
		</constructor-arg>
	</bean>

	<bean id="clientConfiguration" class="com.amazonaws.ClientConfiguration">
		<property name="connectionTimeout" value="${esignature.server.s3.timeout}" />
		<property name="socketTimeout" value="${esignature.server.s3.timeout}" />
	</bean>

	<bean id="amazonS3" class="com.amazonaws.services.s3.AmazonS3Client" >
		<constructor-arg ref="awsCredentials" />
		<constructor-arg ref="clientConfiguration" />
	</bean>

	<bean id="outputDirectory" class="java.io.File">
		<constructor-arg value="${esignature.pdfs.outputDirectory}" />
	</bean>

	<task:annotation-driven />
</beans>