<?xml version="1.0" encoding="UTF-8"?>
<beans xmlns="http://www.springframework.org/schema/beans"
       xmlns:xsi="http://www.w3.org/2001/XMLSchema-instance"
       xmlns:context="http://www.springframework.org/schema/context"
       xmlns:task="http://www.springframework.org/schema/task"
       xsi:schemaLocation="http://www.springframework.org/schema/beans http://www.springframework.org/schema/beans/spring-beans-4.1.xsd
		http://www.springframework.org/schema/context http://www.springframework.org/schema/context/spring-context-4.1.xsd
	   	http://www.springframework.org/schema/task http://www.springframework.org/schema/task/spring-task-4.1.xsd">

    <import resource="classpath:/spring/spring-libUtil-properties.xml"/>
    <import resource="classpath:/spring/spring-libUtil-typeConversion.xml"/>

    <context:component-scan base-package="com.leadx.esignature">
        <context:exclude-filter type="annotation" expression="org.springframework.stereotype.Controller"/>
    </context:component-scan>
    <task:annotation-driven/>

	<import resource="classpath:/spring/spring-libUtil-properties.xml" />
	<import resource="classpath:/spring/spring-libUtil-typeConversion.xml" />
	<import resource="classpath:/spring/spring-claimant-client.xml" />
	<import resource="classpath:/spring/spring-tcg-client.xml"/>

	<context:component-scan base-package="com.leadx.esignature">
		<context:exclude-filter type="annotation" expression="org.springframework.stereotype.Controller" />
	</context:component-scan>

</beans>
