{
  "mappings": {
    "declaration": {
      "dynamic": false,
      "properties": {
        "declarationId": {
          "type": "keyword"
        },
        "epuNumber": {
          "type": "keyword"
        },
        "entryNumber": {
          "type": "keyword"
        },
        "entryDate": {
          "type": "keyword"
        },
        "route": {
          "type": "keyword"
        },
        "dispatchCountry": {
          "type": "keyword"
        },
        "destinationCountry": {
          "type": "keyword"
        },
        "consigneeTurn": {
          "type": "keyword"
        },
        "consignorTurn": {
          "type": "keyword"
        },
        "goodsLocation": {
          "type": "keyword"
        },
        "transportModeCode": {
          "type": "keyword"
        },
        "consigneeName": {
          "type": "keyword"
        },
        "consigneePostcode": {
          "type": "keyword"
        },
        "consignorName": {
          "type": "keyword"
        },
        "consignorPostcode": {
          "type": "keyword"
        },
        "lines": {
          "properties": {
            "itemNumber": {
              "type": "integer"
            },
            "dispatchCountryCode": {
              "type": "keyword"
            },
            "destinationCountryCode": {
              "type": "keyword"
            },
            "clearanceDate": {
              "type": "keyword"
            },
            "cpc": {
              "type": "keyword"
            },
            "originCountryCode": {
              "type": "keyword"
            },
            "commodityCode": {
              "type": "keyword"
            },
            "itemConsigneeTurn": {
              "type": "keyword"
            },
            "itemConsignorTurn": {
              "type": "keyword"
            },
            "itemRoute": {
              "type": "keyword"
            },
            "itemConsigneeName": {
              "type": "keyword"
            },
            "itemConsigneePostcode": {
              "type": "keyword"
            },
            "itemConsignorName": {
              "type": "keyword"
            },
            "itemConsignorPostcode": {
              "type": "keyword"
            }
          }
        }
      }
    }
  }
}