<?xml version="1.0" encoding="UTF-8"?>
<configuration>
    <appender name="consoleAppender" class="ch.qos.logback.core.ConsoleAppender">
        <encoder>
            <pattern>%d{dd-MM-yyyy HH:mm:ss.SSS} %magenta([%thread]) %highlight(%-5level) %logger{36}.%M - %msg%n</pattern>
        </encoder>
    </appender>

    <appender name="rollingFileAppender" class="ch.qos.logback.core.rolling.RollingFileAppender">
        <File>/var/log/datavault-hash-calculator.log</File>
        <rollingPolicy class="ch.qos.logback.core.rolling.TimeBasedRollingPolicy">
            <FileNamePattern>/var/log/datavault-hash-calculator-%d{yyyy-MM-dd}.log</FileNamePattern>
            <maxHistory>10</maxHistory>
        </rollingPolicy>
        <encoder>
            <Pattern>%d{HH:mm:ss} [%thread] %-5level %logger - %msg %n</Pattern>
        </encoder>
    </appender>

    <logger name="uk.gov.gsi.hmrc.cds.hasher" level="INFO"  additivity="false">
        <appender-ref ref="consoleAppender" />
        <appender-ref ref="rollingFileAppender" />
    </logger>
</configuration>
