1,AF,Afghanistan,660,
2,AL,Albania,70,
3,DZ,Algeria,208,
4,AS,American Samoa,830,
5,AD,Andorra,43,
6,AO,Angola,330,Including Cabinda
7,AI,Anguilla,446,
8,AQ,Antarctica,891,"Territory south of 60 south latitude; not including the French Southern Territories (TF), Bouvet Island (BV), South Georgia and South Sandwich Island (GS)"
9,AG,Antigua and Barbuda,459,
10,AR,Argentina,528,
11,AM,Armenia,77,
12,AW,Aruba,474,
13,AU,Australia,800,
14,AT,Austria,38,Excluding the territories of Jungholz and Mittelberg
15,AZ,Azerbaijan,78,
16,BS,Bahamas,453,
17,BH,Bahrain,640,
18,BD,Bangladesh,666,
19,BB,Barbados,469,
20,BY,Belarus,73,Often referred to as Belorussia
21,ZB,Belgian Continental Shelf,17,These codes are included on some files available for download from this website. Not to be used when completing declarations.
22,BE,Belgium,17,
23,BZ,Belize,421,
24,BJ,Benin,284,
25,BM,Bermuda,413,
26,BT,Bhutan,675,
27,BO,Bolivia,516,"Also referred to as Bolivia, Plurinational State of"
28,BQ,"Bonaire, Sint Eustatius and Saba",475,
29,BA,Bosnia-Herzegovina,93,
30,BW,Botswana,391,
31,BV,Bouvet Island,892,
32,BR,Brazil,508,
33,IO,British Indian Ocean Territory,357,Chagos Archipelago
34,BN,Brunei,703,Also referred to as Brunei Darussalam
35,BG,Bulgaria,68,
36,BF,Burkina Faso,236,Formerly Upper Volta
37,BI,Burundi,328,
38,KH,Cambodia,696,
39,CM,Cameroon,302,
40,CA,Canada,404,
41,IC,Canary Islands,11,See Spain
42,CV,Cape Verde,247,
43,KY,Cayman Islands,463,
44,CF,Central Africa Republic,306,
45,XC,Ceuta,21,
46,TD,Chad,244,
47,CL,Chile,512,
48,CN,China,720,
49,CX,Christmas Islands,834,
50,CC,Cocos Islands,833,(or Keeling Islands)
51,CO,Colombia,480,
52,KM,Comoros,375,"Great Comoro, Anjouan and Moheli"
53,CG,Congo,318,
54,CD,Congo (Democratic Republic of the),322,Formerly Zaire
55,CK,Cook Islands,926,
56,CR,Costa Rica,436,
57,CI,Cote D'Ivoire,272,Often referred to as Ivory Coast
58,HR,Croatia,92,
59,CU,Cuba,448,
60,CW,Curacao,476,
61,CY,Cyprus,600,
62,CZ,Czech Republic,61,
63,ZD,Danish Continental Shelf,8,These codes are included on some files available for download from this website. Not to be used when completing declarations.
64,DK,Denmark,8,
65,DJ,Djibouti,338,
66,DM,Dominica,460,
67,DO,Dominican Republic,456,
68,EC,Ecuador,500,Including Galapagos Islands
69,EG,Egypt,220,
70,SV,El Salvador,428,
71,GQ,Equatorial Guinea,310,
72,ER,Eritrea,336,
73,EE,Estonia,53,
74,ET,Ethiopia,334,
75,FK,Falklands Islands and dependencies,529,Dependencies of the Falkland Islands: South Georgia and South Sandwich Islands
76,FO,Faroe Islands,41,
77,FJ,Fiji,815,
78,FI,Finland,32,Including Aland Islands
79,FF,Fish Flag,967,These codes are included on some files available for download from this website. Not to be used when completing declarations.
80,MK,Former Yugoslav Republic of Macedonia,96,Often referred to as Macedonia
81,FR,France,1,"Including Monaco and the French overseas departments (Reunion, Guadeloupe, Martinique, Mayotte and French Guiana) and the French northern part of St Martin"
82,ZF,French Continental Shelf,1,"These codes are included on some files available for download from this website. Not to be used when completing declarations."
83,GF,French Guiana,1,See France
84,PF,French Polynesia,822,"Marquesas Islands, Society Islands (including Tahiti), Tuamotu Islands, Gambier Islands and Austral Islands."
85,TF,French Southern Territories,894,"Including Kerguelen Islands, Amsterdam Island, Saint-Paul Island, Crozet Archipelago and French scattered Indian Ocean Islands formed by Bassas da India, Europa Island, Glorioso Islands, Juan de Nova Island and Tromelin Island "
86,GA,Gabon,314,
87,GM,Gambia,252,
88,GE,Georgia,76,
89,ZG,German Continental Shelf,4,These codes are included on some files available for download from this website. Not to be used when completing declarations.
90,DE,Germany,4,Including the island of Heligoland; excluding the territory of Busingen
91,GH,Ghana,276,
92,GI,Gibraltar,44,
93,GR,Greece,9,
94,GL,Greenland,406,
95,GD,Grenada,473,Including the Southern Grenadines
96,GP,Guadeloupe,1,See France
97,GU,Guam,831,
98,GT,Guatemala,416,
99,GG,Guernsey,6,See United Kingdom
100,GN,Guinea,260,
101,GW,Guinea Bissau,257,
102,GY,Guyana,488,
103,HT,Haiti,452,
104,HM,Heard Island and McDonald Islands,835,
105,VA,Holy See (Vatican City State),45,
106,HN,Honduras,424,Including Swan Islands
107,HK,Hong Kong,740,Hong Kong Special Administrative Region of the People's Republic of China
108,HU,Hungary,64,
109,IS,Iceland,24,
110,IN,India,664,
111,ID,Indonesia,700,Including the former Portuguese Timor
112,IR,Iran (Islamic Republic of),616,
113,IQ,Iraq,612,
114,IE,Ireland,7,Often referred to Irish Republic or Republic of Ireland
115,ZE,Irish Continental Shelf,7,These codes are included on some files available for download from this website. Not to be used when completing declarations.
116,IL,Israel,624,
117,IT,Italy,5,Including Livigno; excluding the municipality of Campione d'Italia
118,JM,Jamaica,464,
119,JP,Japan,732,
120,JE,Jersey,6,See United Kingdom
121,JO,Jordan,628,
122,KZ,Kazakhstan,79,
123,KE,Kenya,346,
124,KI,Kiribati,812,
125,KP,"Korea, Democratic People's republic of",724,Often referred to as North Korea
126,KR,"Korea, Republic of",728,Often referred to as South Korea
127,XK,Kosovo,95,As defined by United Nations Security Council Resolution 1244 of 10 June 1999
128,KW,Kuwait,636,
129,KG,"Kyrgyz, Republic ",83,
130,LA,Lao (People's Democratic Republic),684,Often referred to as Laos
131,LV,Latvia,54,
132,LB,Lebanon,604,
133,LS,Lesotho,395,
134,LR,Liberia,268,
135,LY,Libya,216,
136,LI,Liechtenstein,37,
137,LT,Lithuania,55,
138,ZY,Low Value Trade,958,These codes are included on some files available for download from this website. Not to be used when completing declarations.
139,LU,Luxembourg,18,
140,MO,Macao,743,Special Administrative Region of the People's Republic of China
141,MG,Madagascar,370,
142,MW,Malawi,386,
143,MY,Malaysia,701,"Peninsular Malaysia and Eastern Malaysia (Labuan, Sabah and Sarawak)"
144,MV,Maldives,667,
145,ML,Mali,232,
146,MT,Malta,46,Including Gozo and Comino
147,MH,Marshall Islands,824,
148,MQ,Martinique,1,See France
149,MR,Mauritania,228,
150,MU,Mauritius,373,"Muaritius, Rodrigues, Agalega Islands and Cargados Carajos Shoals (St Brandon Islands)"
151,YT,Mayotte,1,See France - (Including Grande Terre and Pamanzi)
152,XL,Melilla,23,"Including Penon de Velez de la Gomera, Penon de Alhucemas and Chafarinas Islands"
153,MX,Mexico,412,
154,FM,Micronesia (Federated States of),823,"Yap, Kosrae, Chuuk, Pohnpei"
155,MD,"Moldova, Republic of",74,
156,MN,Mongolia,716,
157,ME,Montenegro,97,
158,MS,Montserrat,470,
159,MA,Morocco,204,Including that part of the former Spanish Sahara under Moroccan administration
160,MZ,Mozambique,366,
161,MM,Myanmar,676,Often referred to as Burma
162,NA,Namibia,389,
163,NR,Nauru,803,
164,NP,Nepal,672,
165,NL,Netherlands,3,
166,ZH,Netherlands Continental Shelf,3,These codes are included on some files available for download from this website. Not to be used when completing declarations.
167,NC,New Caledonia,809,"Including Loyalty Islands (Mare, Lifou and Ouvea)"
168,NZ,New Zealand,804,Not including Ross Dependency (Antarctica)
169,NI,Nicaragua,432,Including Corn Islands
170,NE,Niger,240,
171,NG,Nigeria,288,
172,NU,Niue ,923,
173,NF,Norfolk Island,836,
174,MP,Northern Mariana Islands,820,
175,NO,Norway,28,Including Svalbard Archipelago and the Jan Mayen Island
176,ZN,Norwegian Continental Shelf,28,"These codes are included on some files available for download from this website. Not to be used when completing declarations."
177,PS,Occupied Palestinian Territory,625,West Bank (including East Jerusalem) and Gaza Strip
178,OM,Oman,649,
179,PK,Pakistan,662,
180,PW,Palau,825,
181,PA,Panama,442,Including the former Canal Zone
182,PG,Papua New Guinea,801,"Eastern part of New Guinea: Bismarck Archipelago (Including New Britain, New Ireland, Lavongai (New Hanover) and Admiralty Islands); Northern Solomon Islands (Bougainville and Buka); Trobriand Islands, Woodlark Island; d'Entrecasteaux Islands and Louisiade Archipelago"
183,PY,Paraguay,520,
184,XX,Parcel Post,961,These codes are included on some files available for download from this website. Not to be used when completing declarations.
185,PE,Peru,504,
186,PH,Philippines,708,
187,PN,Pitcairn,813,"Including the Henderson, Ducie and Oeno Islands"
188,PL,Poland,60,
189,PT,Portugal,10,Including Azores and Madeira
190,ZZ,Pseudo Flag,964,"These codes are included on some files available for download from this website. Not to be used when completing declarations."
191,QA,Qatar,644,
192,RE,Reunion,1,See France
193,RO,Romania,66,
194,RU,Russian Federation,75,Often referred to as Russia
195,RW,Rwanda,324,
196,BL,Saint Barthelemy,479,
197,WS,Samoa,819,Formerly known as Western Samoa
198,SM,San Marino,47,
199,ST,Sao Tome and Principe,311,
200,SA,Saudi Arabia,632,
201,SN,Senegal,248,
202,XS,Serbia ,98,
203,SC,Seychelles,355,"Mahe Island, Praslin Island, La Digue, Fregate and Silhouette, Amirante Islands (including Desroches, Alphonse, Platte and Coetivy); Farquhar Islands (including Providence); Aldabra Islands and Cosmoledo Islands"
204,SL,Sierra Leone,264,
205,SG,Singapore,706,
206,SX,Sint Maarten (Dutch part),477,
207,SK,Slovakia,63,
208,SI,Slovenia,91,
209,SB,Solomon Islands,806,
210,SO,Somalia,342,
211,ZA,South Africa,388,
212,GS,South Georgia and South Sandwich Islands,893,See Falklands Islands and dependencies
213,SS,South Sudan,225,
214,ES,Spain,11,Including Balearic Islands and Canary Islands; excluding Ceuta (XC) and Melilla (XL)
215,LK,Sri Lanka,669,
216,SH,"St Helena, Ascension and Tristan da Cunha",329,
217,KN,St Kitts and Nevis,449,
218,LC,St Lucia,465,
219,PM,St Pierre and Miquelon,408,
220,VC,St Vincent and the Grenadines,467,
221,QR,Stores & Provisions (EU),951,For exports to EU ships and aircraft
222,QS,Stores & Provisions (non-EU),952,For exports to non-EU ships and aircraft
223,SD,Sudan,224,
224,SR,Surinam,492,
225,SZ,Swaziland,393,
226,SE,Sweden,30,
227,CH,Switzerland,39,Including the German territory of Busingten and the Italian parish of Campione d'Italia
228,SY,Syrian Arab Republic,608,Often referred to as Syria
229,TW,Taiwan,736,"Separate customs territory of Taiwan, Penghu, Kinmen and Matsu"
230,TJ,Tajikistan,82,
231,TZ,Tanzania (United Republic of),352,"Tanganyika, Zanzibar Island and Pemba"
232,TH,Thailand,680,
233,TL,Timor-Leste,699,
234,TG,Togo,280,
235,TO,Tonga,817,
236,TT,Trinidad and Tobago,472,
237,TN,Tunisia,212,
238,TR,Turkey,52,
239,TM,Turkmenistan,80,
240,TC,Turks and Caicos Islands,454,
241,TV,Tuvalu,807,
242,UG,Uganda,350,
243,ZU,UK Continental Shelf,6,These codes are included on some files available for download from this website. Not to be used when completing declarations.
244,UA,Ukraine,72,
245,AE,United Arab Emirates,647,"Abu Dhabi, Dubai, Sharjah, Ajman, Umm al Qaiwain, Ras al Khaimah and Fujairah"
246,GB,United Kingdom,6,"Great Britain, Northern Ireland, British Channel Islands and Isle of Man"
247,US,United States,400,Including Puerto Rico
248,UM,United States Minor outlying islands,832,"Including Baker Island, Howland Island, Jarvis Island, Johnston Atoll, Kingman Reef, Midway Islands, Navassa Island, Palmyra Atoll and Wake Island"
249,UY,Uruguay,524,
250,UZ,Uzbekistan,81,
251,VU,Vanuatu,816,
252,VE,"Venezuela, Bolivarian Republic of",484,Often referred to as Venezuela
253,VN,Vietnam,690,
254,VG,"Virgin Islands, British",468,
255,VI,"Virgin Islands, United States",457,
256,WF,Wallis and Futuna,811,Including Alofi Island
257,EH,Western Sahara,206,
258,YE,Yemen,653,Formerly North Yemen and South Yemen
259,ZM,Zambia,378,
260,ZW,Zimbabwe,382,
