1,AED,United Arab Emirates Dirham
2,AFN,Afghanistan Afghani
3,ALL,Albania Lek
4,AMD,Armenia Dram
5,ANG,Netherlands Antilles Guilder
6,AOA,Angola Kwanza
7,ARS,Argentina Peso
8,AUD,Australia Dollar
9,AWG,Aruba Guilder
10,AZN,Azerbaijan Manat
11,BAM,Bosnia and Herzegovina Convertible Marka
12,BBD,Barbados Dollar
13,BDT,Bangladesh Taka
14,BGN,Bulgaria Lev
15,BHD,Bahrain Dinar
16,BIF,Burundi Franc
17,BMD,Bermuda Dollar
18,BND,Brunei Darussalam Dollar
19,BOB,Bolivia Bolíviano
20,BRL,Brazil Real
21,BSD,Bahamas Dollar
22,BTN,Bhutan Ngultrum
23,BWP,Botswana Pula
24,BYN,Belarus Ruble
25,BZD,Belize Dollar
26,CAD,Canada Dollar
27,CDF,Congo/Kinshasa Franc
28,CHF,Switzerland Franc
29,CLP,Chile Peso
30,CNY,China Yuan Renminbi
31,COP,Colombia Peso
32,CRC,Costa Rica Colon
33,CUC,Cuba Convertible Peso
34,CUP,Cuba Peso
35,CVE,Cape Verde Escudo
36,CZK,Czech Republic Koruna
37,DJF,Djibouti Franc
38,DKK,Denmark Krone
39,DOP,Dominican Republic Peso
40,DZD,Algeria Dinar
41,EGP,Egypt Pound
42,ERN,Eritrea Nakfa
43,ETB,Ethiopia Birr
44,EUR,Euro Member Countries
45,FJD,Fiji Dollar
46,FKP,Falkland Islands (Malvinas) Pound
47,GBP,United Kingdom Pound
48,GEL,Georgia Lari
49,GGP,Guernsey Pound
50,GHS,Ghana Cedi
51,GIP,Gibraltar Pound
52,GMD,Gambia Dalasi
53,GNF,Guinea Franc
54,GTQ,Guatemala Quetzal
55,GYD,Guyana Dollar
56,HKD,Hong Kong Dollar
57,HNL,Honduras Lempira
58,HRK,Croatia Kuna
59,HTG,Haiti Gourde
60,HUF,Hungary Forint
61,IDR,Indonesia Rupiah
62,ILS,Israel Shekel
63,IMP,Isle of Man Pound
64,INR,India Rupee
65,IQD,Iraq Dinar
66,IRR,Iran Rial
67,ISK,Iceland Krona
68,JEP,Jersey Pound
69,JMD,Jamaica Dollar
70,JOD,Jordan Dinar
71,JPY,Japan Yen
72,KES,Kenya Shilling
73,KGS,Kyrgyzstan Som
74,KHR,Cambodia Riel
75,KMF,Comorian Franc
76,KPW,Korea (North) Won
77,KRW,Korea (South) Won
78,KWD,Kuwait Dinar
79,KYD,Cayman Islands Dollar
80,KZT,Kazakhstan Tenge
81,LAK,Laos Kip
82,LBP,Lebanon Pound
83,LKR,Sri Lanka Rupee
84,LRD,Liberia Dollar
85,LSL,Lesotho Loti
86,LYD,Libya Dinar
87,MAD,Morocco Dirham
88,MDL,Moldova Leu
89,MGA,Madagascar Ariary
90,MKD,Macedonia Denar
91,MMK,Myanmar (Burma) Kyat
92,MNT,Mongolia Tughrik
93,MOP,Macau Pataca
94,MRO,Mauritania Ouguiya
95,MUR,Mauritius Rupee
96,MVR,Maldives (Maldive Islands) Rufiyaa
97,MWK,Malawi Kwacha
98,MXN,Mexico Peso
99,MYR,Malaysia Ringgit
100,MZN,Mozambique Metical
101,NAD,Namibia Dollar
102,NGN,Nigeria Naira
103,NIO,Nicaragua Cordoba
104,NOK,Norway Krone
105,NPR,Nepal Rupee
106,NZD,New Zealand Dollar
107,OMR,Oman Rial
108,PAB,Panama Balboa
109,PEN,Peru Sol
110,PGK,Papua New Guinea Kina
111,PHP,Philippines Peso
112,PKR,Pakistan Rupee
113,PLN,Poland Zloty
114,PYG,Paraguay Guarani
115,QAR,Qatar Riyal
116,RON,Romania Leu
117,RSD,Serbia Dinar
118,RUB,Russia Ruble
119,RWF,Rwanda Franc
120,SAR,Saudi Arabia Riyal
121,SBD,Solomon Islands Dollar
122,SCR,Seychelles Rupee
123,SDG,Sudan Pound
124,SEK,Sweden Krona
125,SGD,Singapore Dollar
126,SHP,Saint Helena Pound
127,SLL,Sierra Leone Leone
128,SOS,Somalia Shilling
129,SPL,Seborga Luigino
130,SRD,Suriname Dollar
131,STD,São Tomé and Príncipe Dobra
132,SVC,El Salvador Colon
133,SYP,Syria Pound
134,SZL,Swaziland Lilangeni
135,THB,Thailand Baht
136,TJS,Tajikistan Somoni
137,TMT,Turkmenistan Manat
138,TND,Tunisia Dinar
139,TOP,Tonga Pa'anga
140,TRY,Turkey Lira
141,TTD,Trinidad and Tobago Dollar
142,TVD,Tuvalu Dollar
143,TWD,Taiwan New Dollar
144,TZS,Tanzania Shilling
145,UAH,Ukraine Hryvnia
146,UGX,Uganda Shilling
147,USD,United States Dollar
148,UYU,Uruguay Peso
149,UZS,Uzbekistan Som
150,VEF,Venezuela Bolívar
151,VND,Viet Nam Dong
152,VUV,Vanuatu Vatu
153,WST,Samoa Tala
154,XAF,Communauté Financière Africaine (BEAC) CFA Franc BEAC
155,XCD,East Caribbean Dollar
156,XDR,International Monetary Fund (IMF) Special Drawing Rights
157,XOF,Communauté Financière Africaine (BCEAO) Franc
158,XPF,Comptoirs Français du Pacifique (CFP) Franc
159,YER,Yemen Rial
160,ZAR,South Africa Rand
161,ZMW,Zambia Kwacha
162,ZWD,Zimbabwe Dollar