1,F,Applies to entries with unresolved FEC failures
2,H,Applied to pre-lodged entries (with no unresolved Front End Credibility (FEC) failures)
3,0,Awaiting a response from another government system before the route is determined
4,1,Requiring the supporting documentation to be examined
5,2,Requiring goods and documents to be examined
6,3,Automatic clearance after a short period of time during which the documentation must be submitted and Customs have the opportunity to examine it
7,5,CIE entry requiring cash payment prior to clearance (this can also be combined with Routes 1 or 2)
8,15,Not enough money in accounts
9,E,Applies to entries with stored data linked to them
10,25,Requiring goods and documents to be examined where the method of payment includes cash (CIE only).
11,6,Automatic clearance after a short period of time. The Trader retains the documentation but may subsequently be required to make it available for examination
