0000010,31,13-1,00,Special UK only code,00,Special UK only code,010,,,,,,
0000011,31,13-1,00,Special UK only code,00,Special UK only code,011,,,,,,
0000020,31,13-2,00,Special UK only code,00,Special UK only code,020,,,,,,
0000040,31,13-3,00,Special UK only code,00,Special UK only code,040,,,,,,
0000041,31,13-4,00,Special UK only code,00,Special UK only code,041,,,,,,
0000042,31,13-4,00,Special UK only code,00,Special UK only code,042,,,,,,
0000043,31,13-5,00,Special UK only code,00,Special UK only code,043,,,,,,
0000061,31,13-5,00,Special UK only code,00,Special UK only code,061,,,,,,
0002090,31,13-6,00,Special UK only code,02,,090,,,,,,
0008020,31,13-7,00,Special UK only code,08,,020,,,,,,
0009034,31,13-7,00,Special UK only code,09,,034,,,,,,
0009035,31,13-8,00,Special UK only code,09,,035,,,,,,
0009040,31,13-8,00,Special UK only code,09,,040,,,,,,
0009080,31,13-9,00,Special UK only code,09,,080,,,,,,
0009090,31,13-9,00,Special UK only code,09,,090,,,,,,
0610040,66,13-10,CFSP,,10,,040,1,Normal,0,Frontier,040,Free circulation
0610061,66,13-10,CFSP,,10,,061,1,Normal,0,Frontier,061,Simplified economic relief
0610900,66,13-11,CFSP,,10,,900,1,Normal,0,Frontier,900,
0611000,64,13-12,CFSP,,11,,000,1,Normal,1,Transit,000,National Transit
0611001,64,13-13,CFSP,,11,,001,1,Normal,1,Transit,001,Community Transit (NCTS)
0611002,64,13-14,CFSP,,11,,002,1,Normal,1,Transit,002,National transit for Plant Health material
0612071,60,13-14,CFSP,,12,,071,1,Normal,2,"Warehouse Type A, C, D and E",071,Warehousing
0614078,63,13-15,CFSP,,14,,078,1,Normal,4,Free Zone,078,Free Zone
0619090,68,13-16,CFSP,,19,,090,1,Normal,9,FSD,090,
0620040,66,13-17,CFSP,,20,,040,2,Controlled goods,0,Frontier,040,Free circulation
0620061,66,13-18,CFSP,,20,,061,2,Controlled goods,0,Frontier,061,Simplified economic relief
0622071,60,13-19,CFSP,,22,,071,2,Controlled goods,2,"Warehouse Type A, C, D and E",071,Warehousing
0624078,63,13-20,CFSP,,24,,078,2,Controlled goods,4,Free Zone,078,Free Zone
0630040,66,13-21,CFSP,,30,,040,3,Controlled drugs,0,Frontier,040,Free circulation
0630061,66,13-22,CFSP,,30,,061,3,Controlled drugs,0,Frontier,061,Simplified economic relief
0632071,60,13-23,CFSP,,32,,071,3,Controlled drugs,2,"Warehouse Type A, C, D and E",071,Warehousing
0634078,63,13-24,CFSP,,34,,078,3,Controlled drugs,4,Free Zone,078,Free Zone
0640040,66,13-25,CFSP,,40,,040,4,Excise goods,0,Frontier,040,Free circulation
0642710,-,13-26,CFSP,,42,,710,4,Excise goods,2,"Warehouse Type A, C, D and E",710,
0649090,68,13-28,CFSP,,49,,090,4,Excise goods,9,FSD,090,
0700000,05,13-29,07,Free circulation with simultaneous entry of the goods under a warehouse procedure (including placing in other premises under fiscal control).,00,Special UK only code,000,,,,,,
0740000,05,13-29,07,Free circulation with simultaneous entry of the goods under a warehouse procedure (including placing in other premises under fiscal control).,40,Home use with simultaneous entry for free circulation.,000,,,,,,
0751000,04,13-30,07,Free circulation with simultaneous entry of the goods under a warehouse procedure (including placing in other premises under fiscal control).,51,Inward processing procedure (suspension system).,000,,,,,,
0753000,04,13-31,07,Free circulation with simultaneous entry of the goods under a warehouse procedure (including placing in other premises under fiscal control).,53,Import under temporary import procedure. (Temporary Admission),000,,,,,,
0771000,22,13-32,07,Free circulation with simultaneous entry of the goods under a warehouse procedure (including placing in other premises under fiscal control).,71,Customs warehousing procedure including deposit in other premises under customs control.,000,,,,,,
4000000,01,14-1,40,Home use with simultaneous entry for free circulation.,00,Special UK only code,000,,,,,,
4000001,01,14-1,40,Home use with simultaneous entry for free circulation.,00,Special UK only code,001,,,,,,
4000002,01,14-3,40,Home use with simultaneous entry for free circulation.,00,Special UK only code,002,,,,,,
4000003,01,14-4,40,Home use with simultaneous entry for free circulation.,00,Special UK only code,003,,,,,,
4000004,01,14-5,40,Home use with simultaneous entry for free circulation.,00,Special UK only code,004,,,,,,
4000005,01,14-6,40,Home use with simultaneous entry for free circulation.,00,Special UK only code,005,,,,,,
4000007,01,14-8,40,Home use with simultaneous entry for free circulation.,00,Special UK only code,007,,,,,,
4000008,01,14-8,40,Home use with simultaneous entry for free circulation.,00,Special UK only code,008,,,,,,
4000009,01,14-9,40,Home use with simultaneous entry for free circulation.,00,Special UK only code,009,,,,,,
4000010,01,14-10,40,Home use with simultaneous entry for free circulation.,00,Special UK only code,010,,,,,,
4000018,01,14-10,40,Home use with simultaneous entry for free circulation.,00,Special UK only code,018,,,,,,
4000019,01,14-11,40,Home use with simultaneous entry for free circulation.,00,Special UK only code,019,,,,,,
4000023,01,14-11,40,Home use with simultaneous entry for free circulation.,00,Special UK only code,023,,,,,,
4000024,01,14-13,40,Home use with simultaneous entry for free circulation.,00,Special UK only code,024,,,,,,
4000025,21,14-15,40,Home use with simultaneous entry for free circulation.,00,Special UK only code,025,,,,,,
4000026,21,14-16,40,Home use with simultaneous entry for free circulation.,00,Special UK only code,026,,,,,,
4000027,01,14-17,40,Home use with simultaneous entry for free circulation.,00,Special UK only code,027,,,,,,
4000028,01,14-18,40,Home use with simultaneous entry for free circulation.,00,Special UK only code,028,,,,,,
4000029,01,14-20,40,Home use with simultaneous entry for free circulation.,00,Special UK only code,029,,,,,,
4000034,01,14-22,40,Home use with simultaneous entry for free circulation.,00,Special UK only code,034,,,,,,
4000045,01,14-22,40,Home use with simultaneous entry for free circulation.,00,Special UK only code,045,,,,,,
4000047,01,14-23,40,Home use with simultaneous entry for free circulation.,00,Special UK only code,047,,,,,,
4000050,01,14-24,40,Home use with simultaneous entry for free circulation.,00,Special UK only code,050,,,,,,
4000051,01,14-25,40,Home use with simultaneous entry for free circulation.,00,Special UK only code,051,,,,,,
4000052,21,14-25,40,Home use with simultaneous entry for free circulation.,00,Special UK only code,052,,,,,,
4000057,01,14-25,40,Home use with simultaneous entry for free circulation.,00,Special UK only code,057,,,,,,
4000064,01,14-26,40,Home use with simultaneous entry for free circulation.,00,Special UK only code,064,,,,,,
4000065,01,14-26,40,Home use with simultaneous entry for free circulation.,00,Special UK only code,065,,,,,,
4000066,01,14-27,40,Home use with simultaneous entry for free circulation.,00,Special UK only code,066,,,,,,
4000072,01,14-27,40,Home use with simultaneous entry for free circulation.,00,Special UK only code,072,,,,,,
4000073,01,14-28,40,Home use with simultaneous entry for free circulation.,00,Special UK only code,073,,,,,,
4000074,01,14-29,40,Home use with simultaneous entry for free circulation.,00,Special UK only code,074,,,,,,
4000075,01,14-29,40,Home use with simultaneous entry for free circulation.,00,Special UK only code,075,,,,,,
4000100,01,14-30,40,Home use with simultaneous entry for free circulation.,00,Special UK only code,100,,,,,,
4000200,01,14-31,40,Home use with simultaneous entry for free circulation.,00,Special UK only code,200,,,,,,
4000600,01,14-32,40,Home use with simultaneous entry for free circulation.,00,Special UK only code,600,,,,,,
4000601,01,14-32,40,Home use with simultaneous entry for free circulation.,00,Special UK only code,601,,,,,,
4000602,01,14-33,40,Home use with simultaneous entry for free circulation.,00,Special UK only code,602,,,,,,
4000603,01,14-34,40,Home use with simultaneous entry for free circulation.,00,Special UK only code,603,,,,,,
4000C01,01,14-35,40,Home use with simultaneous entry for free circulation.,00,Special UK only code,C01,,,,,,
4000C04,01,14-36,40,Home use with simultaneous entry for free circulation.,00,Special UK only code,C04,,,,,,
4000C07,01,14-36,40,Home use with simultaneous entry for free circulation.,00,Special UK only code,C07,,,,,,
4000C08,01,14-37,40,Home use with simultaneous entry for free circulation.,00,Special UK only code,C08,,,,,,
4000C09,01,14-38,40,Home use with simultaneous entry for free circulation.,00,Special UK only code,C09,,,,,,
4000C10,01,14-39,40,Home use with simultaneous entry for free circulation.,00,Special UK only code,C10,,,,,,
4000C11,01,14-39,40,Home use with simultaneous entry for free circulation.,00,Special UK only code,C11,,,,,,
4000C12,01,14-40,40,Home use with simultaneous entry for free circulation.,00,Special UK only code,C12,,,,,,
4000C13,01,14-40,40,Home use with simultaneous entry for free circulation.,00,Special UK only code,C13,,,,,,
4000C14,01,14-41,40,Home use with simultaneous entry for free circulation.,00,Special UK only code,C14,,,,,,
4000C15,01,14-41,40,Home use with simultaneous entry for free circulation.,00,Special UK only code,C15,,,,,,
4000C16,01,14-42,40,Home use with simultaneous entry for free circulation.,00,Special UK only code,C16,,,,,,
4000C17,01,14-42,40,Home use with simultaneous entry for free circulation.,00,Special UK only code,C17,,,,,,
4000C19,01,14-43,40,Home use with simultaneous entry for free circulation.,00,Special UK only code,C19,,,,,,
4000C20,01,14-43,40,Home use with simultaneous entry for free circulation.,00,Special UK only code,C20,,,,,,
4000C21,01,14-44,40,Home use with simultaneous entry for free circulation.,00,Special UK only code,C21,,,,,,
4000C22,01,14-44,40,Home use with simultaneous entry for free circulation.,00,Special UK only code,C22,,,,,,
4000C23,01,14-45,40,Home use with simultaneous entry for free circulation.,00,Special UK only code,C23,,,,,,
4000C24,01,14-45,40,Home use with simultaneous entry for free circulation.,00,Special UK only code,C24,,,,,,
4000C25,01,14-46,40,Home use with simultaneous entry for free circulation.,00,Special UK only code,C25,,,,,,
4000C26,01,14-46,40,Home use with simultaneous entry for free circulation.,00,Special UK only code,C26,,,,,,
4000C27,01,14-47,40,Home use with simultaneous entry for free circulation.,00,Special UK only code,C27,,,,,,
4000C28,01,14-47,40,Home use with simultaneous entry for free circulation.,00,Special UK only code,C28,,,,,,
4000C29,01,14-48,40,Home use with simultaneous entry for free circulation.,00,Special UK only code,C29,,,,,,
4000C30,01,14-48,40,Home use with simultaneous entry for free circulation.,00,Special UK only code,C30,,,,,,
4000C31,01,14-49,40,Home use with simultaneous entry for free circulation.,00,Special UK only code,C31,,,,,,
4000C32,01,14-49,40,Home use with simultaneous entry for free circulation.,00,Special UK only code,C32,,,,,,
4000C33,01,14-50,40,Home use with simultaneous entry for free circulation.,00,Special UK only code,C33,,,,,,
4000C34,01,14-51,40,Home use with simultaneous entry for free circulation.,00,Special UK only code,C34,,,,,,
4000C35,01,14-51,40,Home use with simultaneous entry for free circulation.,00,Special UK only code,C35,,,,,,
4000C36,01,14-52,40,Home use with simultaneous entry for free circulation.,00,Special UK only code,C36,,,,,,
4000C40,01,14-53,40,Home use with simultaneous entry for free circulation.,00,Special UK only code,C40,,,,,,
4000E02,01,14-54,40,Home use with simultaneous entry for free circulation.,00,Special UK only code,E02,,,,,,
4008020,37,14-54,40,Home use with simultaneous entry for free circulation.,08,,020,,,,,,
4022065,22,14-55,40,Home use with simultaneous entry for free circulation.,22,Temporary dispatch/export under an outward processing procedure other than those referred to under codes 21 or 25.,065,,,,,,
4022066,01,14-56,40,Home use with simultaneous entry for free circulation.,22,Temporary dispatch/export under an outward processing procedure other than those referred to under codes 21 or 25.,066,,,,,,
4051000,01,14-57,40,Home use with simultaneous entry for free circulation.,51,Inward processing procedure (suspension system).,000,,,,,,
4051002,01,14-57,40,Home use with simultaneous entry for free circulation.,51,Inward processing procedure (suspension system).,002,,,,,,
4051003,01,14-58,40,Home use with simultaneous entry for free circulation.,51,Inward processing procedure (suspension system).,003,,,,,,
4051005,01,14-59,40,Home use with simultaneous entry for free circulation.,51,Inward processing procedure (suspension system).,005,,,,,,
4051006,01,14-60,40,Home use with simultaneous entry for free circulation.,51,Inward processing procedure (suspension system).,006,,,,,,
4051007,01,14-60,40,Home use with simultaneous entry for free circulation.,51,Inward processing procedure (suspension system).,007,,,,,,
4051008,01,14-61,40,Home use with simultaneous entry for free circulation.,51,Inward processing procedure (suspension system).,008,,,,,,
4051009,01,14-62,40,Home use with simultaneous entry for free circulation.,51,Inward processing procedure (suspension system).,009,,,,,,
4051F44,01,14-62,40,Home use with simultaneous entry for free circulation.,51,Inward processing procedure (suspension system).,F44,,,,,,
4053000,01,14-63,40,Home use with simultaneous entry for free circulation.,53,Import under temporary import procedure. (Temporary Admission),000,,,,,,
4053F41,01,14-64,40,Home use with simultaneous entry for free circulation.,53,Import under temporary import procedure. (Temporary Admission),F41,,,,,,
4054000,21,14-65,40,Home use with simultaneous entry for free circulation.,54,Goods placed or obtained under the inward processing procedure (suspension system) carried out in another member state (and not released for free circulation there).,000,,,,,,
4071000,21,14-65,40,Home use with simultaneous entry for free circulation.,71,Customs warehousing procedure including deposit in other premises under customs control.,000,,,,,,
4071001,01,14-66,40,Home use with simultaneous entry for free circulation.,71,Customs warehousing procedure including deposit in other premises under customs control.,001,,,,,,
4071002,01,14-66,40,Home use with simultaneous entry for free circulation.,71,Customs warehousing procedure including deposit in other premises under customs control.,002,,,,,,
4071003,01,14-67,40,Home use with simultaneous entry for free circulation.,71,Customs warehousing procedure including deposit in other premises under customs control.,003,,,,,,
4071004,01,14-69,40,Home use with simultaneous entry for free circulation.,71,Customs warehousing procedure including deposit in other premises under customs control.,004,,,,,,
4071005,01,14-71,40,Home use with simultaneous entry for free circulation.,71,Customs warehousing procedure including deposit in other premises under customs control.,005,,,,,,
4071006,01,14-72,40,Home use with simultaneous entry for free circulation.,71,Customs warehousing procedure including deposit in other premises under customs control.,006,,,,,,
4071007,01,14-72,40,Home use with simultaneous entry for free circulation.,71,Customs warehousing procedure including deposit in other premises under customs control.,007,,,,,,
4071008,01,14-73,40,Home use with simultaneous entry for free circulation.,71,Customs warehousing procedure including deposit in other premises under customs control.,008,,,,,,
4071009,21,14-73,40,Home use with simultaneous entry for free circulation.,71,Customs warehousing procedure including deposit in other premises under customs control.,009,,,,,,
4071010,01,14-74,40,Home use with simultaneous entry for free circulation.,71,Customs warehousing procedure including deposit in other premises under customs control.,010,,,,,,
4071011,01,14-75,40,Home use with simultaneous entry for free circulation.,71,Customs warehousing procedure including deposit in other premises under customs control.,011,,,,,,
4071012,01,14-76,40,Home use with simultaneous entry for free circulation.,71,Customs warehousing procedure including deposit in other premises under customs control.,012,,,,,,
4071013,22,14-76,40,Home use with simultaneous entry for free circulation.,71,Customs warehousing procedure including deposit in other premises under customs control.,013,,,,,,
4071014,22,14-78,40,Home use with simultaneous entry for free circulation.,71,Customs warehousing procedure including deposit in other premises under customs control.,014,,,,,,
4071015,22,14-79,40,Home use with simultaneous entry for free circulation.,71,Customs warehousing procedure including deposit in other premises under customs control.,015,,,,,,
4071E01,01,14-80,40,Home use with simultaneous entry for free circulation.,71,Customs warehousing procedure including deposit in other premises under customs control.,E01,,,,,,
4071E02,01,14-80,40,Home use with simultaneous entry for free circulation.,71,Customs warehousing procedure including deposit in other premises under customs control.,E02,,,,,,
4200000,20,15-1,42,Home use with simultaneous entry for free circulation of goods subject to a zero rated onward supply.,00,Special UK only code,000,,,,,,
4251000,20,15-2,42,Home use with simultaneous entry for free circulation of goods subject to a zero rated onward supply.,51,Inward processing procedure (suspension system).,000,,,,,,
4253000,20,15-3,42,Home use with simultaneous entry for free circulation of goods subject to a zero rated onward supply.,53,Import under temporary import procedure. (Temporary Admission),000,,,,,,
4271000,22,15-5,42,Home use with simultaneous entry for free circulation of goods subject to a zero rated onward supply.,71,Customs warehousing procedure including deposit in other premises under customs control.,000,,,,,,
4600000,01,15-6,46,Free circulation under inward processing procedure (drawback system) in a customs warehouse.,00,Special UK only code,000,,,,,,
4800000,01,15-7,48,,00,Special UK only code,000,,,,,,
4800001,01,15-8,48,,00,Special UK only code,001,,,,,,
4900000,01,16-1,49,"Home use of goods previously released for free circulation in the special territories of the EU or those countries having a customs union with the EU, such as Turkey, San Marino or Andorra (for goods in Chapters 25–97 of the Tariff); or goods originating in those special territories or countries.",00,Special UK only code,000,,,,,,
4900003,01,16-2,49,"Home use of goods previously released for free circulation in the special territories of the EU or those countries having a customs union with the EU, such as Turkey, San Marino or Andorra (for goods in Chapters 25–97 of the Tariff); or goods originating in those special territories or countries.",00,Special UK only code,003,,,,,,
4900004,01,16-3,49,"Home use of goods previously released for free circulation in the special territories of the EU or those countries having a customs union with the EU, such as Turkey, San Marino or Andorra (for goods in Chapters 25–97 of the Tariff); or goods originating in those special territories or countries.",00,Special UK only code,004,,,,,,
4900005,01,16-4,49,"Home use of goods previously released for free circulation in the special territories of the EU or those countries having a customs union with the EU, such as Turkey, San Marino or Andorra (for goods in Chapters 25–97 of the Tariff); or goods originating in those special territories or countries.",00,Special UK only code,005,,,,,,
4900007,01,16-5,49,"Home use of goods previously released for free circulation in the special territories of the EU or those countries having a customs union with the EU, such as Turkey, San Marino or Andorra (for goods in Chapters 25–97 of the Tariff); or goods originating in those special territories or countries.",00,Special UK only code,007,,,,,,
4900008,01,16-6,49,"Home use of goods previously released for free circulation in the special territories of the EU or those countries having a customs union with the EU, such as Turkey, San Marino or Andorra (for goods in Chapters 25–97 of the Tariff); or goods originating in those special territories or countries.",00,Special UK only code,008,,,,,,
4900009,01,16-7,49,"Home use of goods previously released for free circulation in the special territories of the EU or those countries having a customs union with the EU, such as Turkey, San Marino or Andorra (for goods in Chapters 25–97 of the Tariff); or goods originating in those special territories or countries.",00,Special UK only code,009,,,,,,
4900010,21,16-7,49,"Home use of goods previously released for free circulation in the special territories of the EU or those countries having a customs union with the EU, such as Turkey, San Marino or Andorra (for goods in Chapters 25–97 of the Tariff); or goods originating in those special territories or countries.",00,Special UK only code,010,,,,,,
4900011,21,16-8,49,"Home use of goods previously released for free circulation in the special territories of the EU or those countries having a customs union with the EU, such as Turkey, San Marino or Andorra (for goods in Chapters 25–97 of the Tariff); or goods originating in those special territories or countries.",00,Special UK only code,011,,,,,,
4900012,01,16-9,49,"Home use of goods previously released for free circulation in the special territories of the EU or those countries having a customs union with the EU, such as Turkey, San Marino or Andorra (for goods in Chapters 25–97 of the Tariff); or goods originating in those special territories or countries.",00,Special UK only code,012,,,,,,
4900013,01,16-11,49,"Home use of goods previously released for free circulation in the special territories of the EU or those countries having a customs union with the EU, such as Turkey, San Marino or Andorra (for goods in Chapters 25–97 of the Tariff); or goods originating in those special territories or countries.",00,Special UK only code,013,,,,,,
4900014,01,16-12,49,"Home use of goods previously released for free circulation in the special territories of the EU or those countries having a customs union with the EU, such as Turkey, San Marino or Andorra (for goods in Chapters 25–97 of the Tariff); or goods originating in those special territories or countries.",00,Special UK only code,014,,,,,,
4900029,01,16-11,49,"Home use of goods previously released for free circulation in the special territories of the EU or those countries having a customs union with the EU, such as Turkey, San Marino or Andorra (for goods in Chapters 25–97 of the Tariff); or goods originating in those special territories or countries.",00,Special UK only code,029,,,,,,
4900034,01,16-13,49,"Home use of goods previously released for free circulation in the special territories of the EU or those countries having a customs union with the EU, such as Turkey, San Marino or Andorra (for goods in Chapters 25–97 of the Tariff); or goods originating in those special territories or countries.",00,Special UK only code,034,,,,,,
4900045,01,16-14,49,"Home use of goods previously released for free circulation in the special territories of the EU or those countries having a customs union with the EU, such as Turkey, San Marino or Andorra (for goods in Chapters 25–97 of the Tariff); or goods originating in those special territories or countries.",00,Special UK only code,045,,,,,,
4900050,01,16-15,49,"Home use of goods previously released for free circulation in the special territories of the EU or those countries having a customs union with the EU, such as Turkey, San Marino or Andorra (for goods in Chapters 25–97 of the Tariff); or goods originating in those special territories or countries.",00,Special UK only code,050,,,,,,
4900052,01,16-15,49,"Home use of goods previously released for free circulation in the special territories of the EU or those countries having a customs union with the EU, such as Turkey, San Marino or Andorra (for goods in Chapters 25–97 of the Tariff); or goods originating in those special territories or countries.",00,Special UK only code,052,,,,,,
4900065,21,16-16,49,"Home use of goods previously released for free circulation in the special territories of the EU or those countries having a customs union with the EU, such as Turkey, San Marino or Andorra (for goods in Chapters 25–97 of the Tariff); or goods originating in those special territories or countries.",00,Special UK only code,065,,,,,,
4900066,01,16-17,49,"Home use of goods previously released for free circulation in the special territories of the EU or those countries having a customs union with the EU, such as Turkey, San Marino or Andorra (for goods in Chapters 25–97 of the Tariff); or goods originating in those special territories or countries.",00,Special UK only code,066,,,,,,
4900070,01,16-17,49,"Home use of goods previously released for free circulation in the special territories of the EU or those countries having a customs union with the EU, such as Turkey, San Marino or Andorra (for goods in Chapters 25–97 of the Tariff); or goods originating in those special territories or countries.",00,Special UK only code,070,,,,,,
4900072,01,16-18,49,"Home use of goods previously released for free circulation in the special territories of the EU or those countries having a customs union with the EU, such as Turkey, San Marino or Andorra (for goods in Chapters 25–97 of the Tariff); or goods originating in those special territories or countries.",00,Special UK only code,072,,,,,,
4900C04,22,16-18,49,"Home use of goods previously released for free circulation in the special territories of the EU or those countries having a customs union with the EU, such as Turkey, San Marino or Andorra (for goods in Chapters 25–97 of the Tariff); or goods originating in those special territories or countries.",00,Special UK only code,C04,,,,,,
4900C07,22,16-19,49,"Home use of goods previously released for free circulation in the special territories of the EU or those countries having a customs union with the EU, such as Turkey, San Marino or Andorra (for goods in Chapters 25–97 of the Tariff); or goods originating in those special territories or countries.",00,Special UK only code,C07,,,,,,
4900C08,22,16-20,49,"Home use of goods previously released for free circulation in the special territories of the EU or those countries having a customs union with the EU, such as Turkey, San Marino or Andorra (for goods in Chapters 25–97 of the Tariff); or goods originating in those special territories or countries.",00,Special UK only code,C08,,,,,,
4900C10,01,16-22,49,"Home use of goods previously released for free circulation in the special territories of the EU or those countries having a customs union with the EU, such as Turkey, San Marino or Andorra (for goods in Chapters 25–97 of the Tariff); or goods originating in those special territories or countries.",00,Special UK only code,C10,,,,,,
4900C12,01,16-22,49,"Home use of goods previously released for free circulation in the special territories of the EU or those countries having a customs union with the EU, such as Turkey, San Marino or Andorra (for goods in Chapters 25–97 of the Tariff); or goods originating in those special territories or countries.",00,Special UK only code,C12,,,,,,
4900C15,01,16-23,49,"Home use of goods previously released for free circulation in the special territories of the EU or those countries having a customs union with the EU, such as Turkey, San Marino or Andorra (for goods in Chapters 25–97 of the Tariff); or goods originating in those special territories or countries.",00,Special UK only code,C15,,,,,,
4900C16,01,16-24,49,"Home use of goods previously released for free circulation in the special territories of the EU or those countries having a customs union with the EU, such as Turkey, San Marino or Andorra (for goods in Chapters 25–97 of the Tariff); or goods originating in those special territories or countries.",00,Special UK only code,C16,,,,,,
4900C17,01,16-24,49,"Home use of goods previously released for free circulation in the special territories of the EU or those countries having a customs union with the EU, such as Turkey, San Marino or Andorra (for goods in Chapters 25–97 of the Tariff); or goods originating in those special territories or countries.",00,Special UK only code,C17,,,,,,
4900C19,01,16-24,49,"Home use of goods previously released for free circulation in the special territories of the EU or those countries having a customs union with the EU, such as Turkey, San Marino or Andorra (for goods in Chapters 25–97 of the Tariff); or goods originating in those special territories or countries.",00,Special UK only code,C19,,,,,,
4900C20,01,16-25,49,"Home use of goods previously released for free circulation in the special territories of the EU or those countries having a customs union with the EU, such as Turkey, San Marino or Andorra (for goods in Chapters 25–97 of the Tariff); or goods originating in those special territories or countries.",00,Special UK only code,C20,,,,,,
4900C22,01,16-25,49,"Home use of goods previously released for free circulation in the special territories of the EU or those countries having a customs union with the EU, such as Turkey, San Marino or Andorra (for goods in Chapters 25–97 of the Tariff); or goods originating in those special territories or countries.",00,Special UK only code,C22,,,,,,
4900C23,01,16-26,49,"Home use of goods previously released for free circulation in the special territories of the EU or those countries having a customs union with the EU, such as Turkey, San Marino or Andorra (for goods in Chapters 25–97 of the Tariff); or goods originating in those special territories or countries.",00,Special UK only code,C23,,,,,,
4900C24,01,16-26,49,"Home use of goods previously released for free circulation in the special territories of the EU or those countries having a customs union with the EU, such as Turkey, San Marino or Andorra (for goods in Chapters 25–97 of the Tariff); or goods originating in those special territories or countries.",00,Special UK only code,C24,,,,,,
4900C25,01,16-27,49,"Home use of goods previously released for free circulation in the special territories of the EU or those countries having a customs union with the EU, such as Turkey, San Marino or Andorra (for goods in Chapters 25–97 of the Tariff); or goods originating in those special territories or countries.",00,Special UK only code,C25,,,,,,
4900C26,01,16-28,49,"Home use of goods previously released for free circulation in the special territories of the EU or those countries having a customs union with the EU, such as Turkey, San Marino or Andorra (for goods in Chapters 25–97 of the Tariff); or goods originating in those special territories or countries.",00,Special UK only code,C26,,,,,,
4900C27,01,16-28,49,"Home use of goods previously released for free circulation in the special territories of the EU or those countries having a customs union with the EU, such as Turkey, San Marino or Andorra (for goods in Chapters 25–97 of the Tariff); or goods originating in those special territories or countries.",00,Special UK only code,C27,,,,,,
4900C28,01,16-29,49,"Home use of goods previously released for free circulation in the special territories of the EU or those countries having a customs union with the EU, such as Turkey, San Marino or Andorra (for goods in Chapters 25–97 of the Tariff); or goods originating in those special territories or countries.",00,Special UK only code,C28,,,,,,
4900C29,01,16-29,49,"Home use of goods previously released for free circulation in the special territories of the EU or those countries having a customs union with the EU, such as Turkey, San Marino or Andorra (for goods in Chapters 25–97 of the Tariff); or goods originating in those special territories or countries.",00,Special UK only code,C29,,,,,,
4900C30,01,16-30,49,"Home use of goods previously released for free circulation in the special territories of the EU or those countries having a customs union with the EU, such as Turkey, San Marino or Andorra (for goods in Chapters 25–97 of the Tariff); or goods originating in those special territories or countries.",00,Special UK only code,C30,,,,,,
4900C31,01,16-31,49,"Home use of goods previously released for free circulation in the special territories of the EU or those countries having a customs union with the EU, such as Turkey, San Marino or Andorra (for goods in Chapters 25–97 of the Tariff); or goods originating in those special territories or countries.",00,Special UK only code,C31,,,,,,
4900C32,01,16-31,49,"Home use of goods previously released for free circulation in the special territories of the EU or those countries having a customs union with the EU, such as Turkey, San Marino or Andorra (for goods in Chapters 25–97 of the Tariff); or goods originating in those special territories or countries.",00,Special UK only code,C32,,,,,,
4900C33,01,16-32,49,"Home use of goods previously released for free circulation in the special territories of the EU or those countries having a customs union with the EU, such as Turkey, San Marino or Andorra (for goods in Chapters 25–97 of the Tariff); or goods originating in those special territories or countries.",00,Special UK only code,C33,,,,,,
4900C34,01,16-33,49,"Home use of goods previously released for free circulation in the special territories of the EU or those countries having a customs union with the EU, such as Turkey, San Marino or Andorra (for goods in Chapters 25–97 of the Tariff); or goods originating in those special territories or countries.",00,Special UK only code,C34,,,,,,
4900C35,01,16-33,49,"Home use of goods previously released for free circulation in the special territories of the EU or those countries having a customs union with the EU, such as Turkey, San Marino or Andorra (for goods in Chapters 25–97 of the Tariff); or goods originating in those special territories or countries.",00,Special UK only code,C35,,,,,,
4900C36,01,16-34,49,"Home use of goods previously released for free circulation in the special territories of the EU or those countries having a customs union with the EU, such as Turkey, San Marino or Andorra (for goods in Chapters 25–97 of the Tariff); or goods originating in those special territories or countries.",00,Special UK only code,C36,,,,,,
4900C40,01,16-35,49,"Home use of goods previously released for free circulation in the special territories of the EU or those countries having a customs union with the EU, such as Turkey, San Marino or Andorra (for goods in Chapters 25–97 of the Tariff); or goods originating in those special territories or countries.",00,Special UK only code,C40,,,,,,
4900F02,01,16-36,49,"Home use of goods previously released for free circulation in the special territories of the EU or those countries having a customs union with the EU, such as Turkey, San Marino or Andorra (for goods in Chapters 25–97 of the Tariff); or goods originating in those special territories or countries.",00,Special UK only code,F02,,,,,,
4900F03,01,16-37,49,"Home use of goods previously released for free circulation in the special territories of the EU or those countries having a customs union with the EU, such as Turkey, San Marino or Andorra (for goods in Chapters 25–97 of the Tariff); or goods originating in those special territories or countries.",00,Special UK only code,F03,,,,,,
4900F04,01,16-37,49,"Home use of goods previously released for free circulation in the special territories of the EU or those countries having a customs union with the EU, such as Turkey, San Marino or Andorra (for goods in Chapters 25–97 of the Tariff); or goods originating in those special territories or countries.",00,Special UK only code,F04,,,,,,
4923F01,01,16-38,49,"Home use of goods previously released for free circulation in the special territories of the EU or those countries having a customs union with the EU, such as Turkey, San Marino or Andorra (for goods in Chapters 25–97 of the Tariff); or goods originating in those special territories or countries.",23,Temporary dispatch/export for return in an unaltered state.,F01,,,,,,
4971000,22,16-39,49,"Home use of goods previously released for free circulation in the special territories of the EU or those countries having a customs union with the EU, such as Turkey, San Marino or Andorra (for goods in Chapters 25–97 of the Tariff); or goods originating in those special territories or countries.",71,Customs warehousing procedure including deposit in other premises under customs control.,000,,,,,,
4971001,22,16-40,49,"Home use of goods previously released for free circulation in the special territories of the EU or those countries having a customs union with the EU, such as Turkey, San Marino or Andorra (for goods in Chapters 25–97 of the Tariff); or goods originating in those special territories or countries.",71,Customs warehousing procedure including deposit in other premises under customs control.,001,,,,,,
4971004,22,16-40,49,"Home use of goods previously released for free circulation in the special territories of the EU or those countries having a customs union with the EU, such as Turkey, San Marino or Andorra (for goods in Chapters 25–97 of the Tariff); or goods originating in those special territories or countries.",71,Customs warehousing procedure including deposit in other premises under customs control.,004,,,,,,
5100000,01,17-1,51,Inward processing procedure (suspension system).,00,Special UK only code,000,,,,,,
5100001,01,17-2,51,Inward processing procedure (suspension system).,00,Special UK only code,001,,,,,,
5100002,01,17-3,51,Inward processing procedure (suspension system).,00,Special UK only code,002,,,,,,
5100003,01,17-4,51,Inward processing procedure (suspension system).,00,Special UK only code,003,,,,,,
5100004,01,17-5,51,Inward processing procedure (suspension system).,00,Special UK only code,004,,,,,,
5100005,01,17-6,51,Inward processing procedure (suspension system).,00,Special UK only code,005,,,,,,
5100006,01,17-7,51,Inward processing procedure (suspension system).,00,Special UK only code,006,,,,,,
5100A01,01,17-8,51,Inward processing procedure (suspension system).,00,Special UK only code,A01,,,,,,
5100A04,01,17-9,51,Inward processing procedure (suspension system).,00,Special UK only code,A04,,,,,,
5100F44,01,17-10,51,Inward processing procedure (suspension system).,00,Special UK only code,F44,,,,,,
5121000,01,17-22,51,Inward processing procedure (suspension system).,21,Temporary dispatch/export under the customs outward processing procedure other than that referred to under code 25.,000,,,,,,
5121001,01,17-12,51,Inward processing procedure (suspension system).,21,Temporary dispatch/export under the customs outward processing procedure other than that referred to under code 25.,001,,,,,,
5151000,01,17-13,51,Inward processing procedure (suspension system).,51,Inward processing procedure (suspension system).,000,,,,,,
5151A04,01,17-14,51,Inward processing procedure (suspension system).,51,Inward processing procedure (suspension system).,A04,,,,,,
5153000,01,17-15,51,Inward processing procedure (suspension system).,53,Import under temporary import procedure. (Temporary Admission),000,,,,,,
5153A04,01,17-16,51,Inward processing procedure (suspension system).,53,Import under temporary import procedure. (Temporary Admission),A04,,,,,,
5154000,01,17-16,51,Inward processing procedure (suspension system).,54,Goods placed or obtained under the inward processing procedure (suspension system) carried out in another member state (and not released for free circulation there).,000,,,,,,
5154001,01,17-17,51,Inward processing procedure (suspension system).,54,Goods placed or obtained under the inward processing procedure (suspension system) carried out in another member state (and not released for free circulation there).,001,,,,,,
5154A04,01,17-18,51,Inward processing procedure (suspension system).,54,Goods placed or obtained under the inward processing procedure (suspension system) carried out in another member state (and not released for free circulation there).,A04,,,,,,
5171000,22,17-19,51,Inward processing procedure (suspension system).,71,Customs warehousing procedure including deposit in other premises under customs control.,000,,,,,,
5171001,22,17-19,51,Inward processing procedure (suspension system).,71,Customs warehousing procedure including deposit in other premises under customs control.,001,,,,,,
5171002,22,17-21,51,Inward processing procedure (suspension system).,71,Customs warehousing procedure including deposit in other premises under customs control.,002,,,,,,
5171003,22,17-22,51,Inward processing procedure (suspension system).,71,Customs warehousing procedure including deposit in other premises under customs control.,003,,,,,,
5171004,22,17-23,51,Inward processing procedure (suspension system).,71,Customs warehousing procedure including deposit in other premises under customs control.,004,,,,,,
5171A01,22,17-24,51,Inward processing procedure (suspension system).,71,Customs warehousing procedure including deposit in other premises under customs control.,A01,,,,,,
5171A04,22,17-25,51,Inward processing procedure (suspension system).,71,Customs warehousing procedure including deposit in other premises under customs control.,A04,,,,,,
5171F44,22,17-26,51,Inward processing procedure (suspension system).,71,Customs warehousing procedure including deposit in other premises under customs control.,F44,,,,,,
5300000,01,18-2,53,Import under temporary import procedure. (Temporary Admission),00,Special UK only code,000,,,,,,
5300001,01,18-3,53,Import under temporary import procedure. (Temporary Admission),00,Special UK only code,001,,,,,,
5300003,01,18-5,53,Import under temporary import procedure. (Temporary Admission),00,Special UK only code,003,,,,,,
5300004,01,18-6,53,Import under temporary import procedure. (Temporary Admission),00,Special UK only code,004,,,,,,
5300005,01,18-8,53,Import under temporary import procedure. (Temporary Admission),00,Special UK only code,005,,,,,,
5300006,01,18-9,53,Import under temporary import procedure. (Temporary Admission),00,Special UK only code,006,,,,,,
5300007,01,18-11,53,Import under temporary import procedure. (Temporary Admission),00,Special UK only code,007,,,,,,
5300008,01,18-12,53,Import under temporary import procedure. (Temporary Admission),00,Special UK only code,008,,,,,,
5300009,01,18-13,53,Import under temporary import procedure. (Temporary Admission),00,Special UK only code,009,,,,,,
5300010,01,18-15,53,Import under temporary import procedure. (Temporary Admission),00,Special UK only code,010,,,,,,
5300011,01,18-16,53,Import under temporary import procedure. (Temporary Admission),00,Special UK only code,011,,,,,,
5300D01,01,18-17,53,Import under temporary import procedure. (Temporary Admission),00,Special UK only code,D01,,,,,,
5300D02,01,18-19,53,Import under temporary import procedure. (Temporary Admission),00,Special UK only code,D02,,,,,,
5300D03,01,18-20,53,Import under temporary import procedure. (Temporary Admission),00,Special UK only code,D03,,,,,,
5300D04,01,18-22,53,Import under temporary import procedure. (Temporary Admission),00,Special UK only code,D04,,,,,,
5300D05,01,18-24,53,Import under temporary import procedure. (Temporary Admission),00,Special UK only code,D05,,,,,,
5300D06,01,18-25,53,Import under temporary import procedure. (Temporary Admission),00,Special UK only code,D06,,,,,,
5300D07,01,18-26,53,Import under temporary import procedure. (Temporary Admission),00,Special UK only code,D07,,,,,,
5300D08,01,18-28,53,Import under temporary import procedure. (Temporary Admission),00,Special UK only code,D08,,,,,,
5300D09,01,18-29,53,Import under temporary import procedure. (Temporary Admission),00,Special UK only code,D09,,,,,,
5300D10,01,18-30,53,Import under temporary import procedure. (Temporary Admission),00,Special UK only code,D10,,,,,,
5300D11,01,18-32,53,Import under temporary import procedure. (Temporary Admission),00,Special UK only code,D11,,,,,,
5300D12,01,18-33,53,Import under temporary import procedure. (Temporary Admission),00,Special UK only code,D12,,,,,,
5300D13,01,18-35,53,Import under temporary import procedure. (Temporary Admission),00,Special UK only code,D13,,,,,,
5300D15,01,18-37,53,Import under temporary import procedure. (Temporary Admission),00,Special UK only code,D15,,,,,,
5300D16,01,18-38,53,Import under temporary import procedure. (Temporary Admission),00,Special UK only code,D16,,,,,,
5300D17,01,18-39,53,Import under temporary import procedure. (Temporary Admission),00,Special UK only code,D17,,,,,,
5300D18,01,18-41,53,Import under temporary import procedure. (Temporary Admission),00,Special UK only code,D18,,,,,,
5300D19,01,18-42,53,Import under temporary import procedure. (Temporary Admission),00,Special UK only code,D19,,,,,,
5300D20,01,18-43,53,Import under temporary import procedure. (Temporary Admission),00,Special UK only code,D20,,,,,,
5300D21,01,18-45,53,Import under temporary import procedure. (Temporary Admission),00,Special UK only code,D21,,,,,,
5300D22,01,18-46,53,Import under temporary import procedure. (Temporary Admission),00,Special UK only code,D22,,,,,,
5300D23,01,18-47,53,Import under temporary import procedure. (Temporary Admission),00,Special UK only code,D23,,,,,,
5300D24,01,18-48,53,Import under temporary import procedure. (Temporary Admission),00,Special UK only code,D24,,,,,,
5300D25,01,18-50,53,Import under temporary import procedure. (Temporary Admission),00,Special UK only code,D25,,,,,,
5300D26,01,18-51,53,Import under temporary import procedure. (Temporary Admission),00,Special UK only code,D26,,,,,,
5300D27,01,18-52,53,Import under temporary import procedure. (Temporary Admission),00,Special UK only code,D27,,,,,,
5300D28,01,18-54,53,Import under temporary import procedure. (Temporary Admission),00,Special UK only code,D28,,,,,,
5300D29,01,18-56,53,Import under temporary import procedure. (Temporary Admission),00,Special UK only code,D29,,,,,,
5300D51,01,18-58,53,Import under temporary import procedure. (Temporary Admission),00,Special UK only code,D51,,,,,,
5351000,01,18-59,53,Import under temporary import procedure. (Temporary Admission),51,Inward processing procedure (suspension system).,000,,,,,,
5351001,01,18-60,53,Import under temporary import procedure. (Temporary Admission),51,Inward processing procedure (suspension system).,001,,,,,,
5351002,01,18-61,53,Import under temporary import procedure. (Temporary Admission),51,Inward processing procedure (suspension system).,002,,,,,,
5351003,01,18-63,53,Import under temporary import procedure. (Temporary Admission),51,Inward processing procedure (suspension system).,003,,,,,,
5351D51,01,18-64,53,Import under temporary import procedure. (Temporary Admission),51,Inward processing procedure (suspension system).,D51,,,,,,
5353000,01,18-65,53,Import under temporary import procedure. (Temporary Admission),53,Import under temporary import procedure. (Temporary Admission),000,,,,,,
5353001,01,18-66,53,Import under temporary import procedure. (Temporary Admission),53,Import under temporary import procedure. (Temporary Admission),001,,,,,,
5353002,01,18-67,53,Import under temporary import procedure. (Temporary Admission),53,Import under temporary import procedure. (Temporary Admission),002,,,,,,
5353003,01,18-68,53,Import under temporary import procedure. (Temporary Admission),53,Import under temporary import procedure. (Temporary Admission),003,,,,,,
5353D51,01,18-70,53,Import under temporary import procedure. (Temporary Admission),53,Import under temporary import procedure. (Temporary Admission),D51,,,,,,
5371000,22,18-70,53,Import under temporary import procedure. (Temporary Admission),71,Customs warehousing procedure including deposit in other premises under customs control.,000,,,,,,
5371001,22,18-72,53,Import under temporary import procedure. (Temporary Admission),71,Customs warehousing procedure including deposit in other premises under customs control.,001,,,,,,
5371002,22,18-73,53,Import under temporary import procedure. (Temporary Admission),71,Customs warehousing procedure including deposit in other premises under customs control.,002,,,,,,
5371003,22,18-74,53,Import under temporary import procedure. (Temporary Admission),71,Customs warehousing procedure including deposit in other premises under customs control.,003,,,,,,
5371004,22,18-76,53,Import under temporary import procedure. (Temporary Admission),71,Customs warehousing procedure including deposit in other premises under customs control.,004,,,,,,
5371005,22,18-77,53,Import under temporary import procedure. (Temporary Admission),71,Customs warehousing procedure including deposit in other premises under customs control.,005,,,,,,
5371011,22,18-78,53,Import under temporary import procedure. (Temporary Admission),71,Customs warehousing procedure including deposit in other premises under customs control.,011,,,,,,
5371D25,22,18-79,53,Import under temporary import procedure. (Temporary Admission),71,Customs warehousing procedure including deposit in other premises under customs control.,D25,,,,,,
5371D26,22,18-80,53,Import under temporary import procedure. (Temporary Admission),71,Customs warehousing procedure including deposit in other premises under customs control.,D26,,,,,,
5371D51,22,18-81,53,Import under temporary import procedure. (Temporary Admission),71,Customs warehousing procedure including deposit in other premises under customs control.,D51,,,,,,
6100000,01,19-1,61,Reimportation with simultaneous entry for free circulation and home use.,00,Special UK only code,000,,,,,,
6100F02,01,19-2,61,Reimportation with simultaneous entry for free circulation and home use.,00,Special UK only code,F02,,,,,,
6100F03,01,19-2,61,Reimportation with simultaneous entry for free circulation and home use.,00,Special UK only code,F03,,,,,,
6100F04,01,19-3,61,Reimportation with simultaneous entry for free circulation and home use.,00,Special UK only code,F04,,,,,,
6121000,01,19-4,61,Reimportation with simultaneous entry for free circulation and home use.,21,Temporary dispatch/export under the customs outward processing procedure other than that referred to under code 25.,000,,,,,,
6121001,01,19-5,61,Reimportation with simultaneous entry for free circulation and home use.,21,Temporary dispatch/export under the customs outward processing procedure other than that referred to under code 25.,001,,,,,,
6121002,01,19-6,61,Reimportation with simultaneous entry for free circulation and home use.,21,Temporary dispatch/export under the customs outward processing procedure other than that referred to under code 25.,002,,,,,,
6121003,01,19-7,61,Reimportation with simultaneous entry for free circulation and home use.,21,Temporary dispatch/export under the customs outward processing procedure other than that referred to under code 25.,003,,,,,,
6121004,22,19-8,61,Reimportation with simultaneous entry for free circulation and home use.,21,Temporary dispatch/export under the customs outward processing procedure other than that referred to under code 25.,004,,,,,,
6121005,22,19-9,61,Reimportation with simultaneous entry for free circulation and home use.,21,Temporary dispatch/export under the customs outward processing procedure other than that referred to under code 25.,005,,,,,,
6121007,22,19-10,61,Reimportation with simultaneous entry for free circulation and home use.,21,Temporary dispatch/export under the customs outward processing procedure other than that referred to under code 25.,007,,,,,,
6121008,22,19-11,61,Reimportation with simultaneous entry for free circulation and home use.,21,Temporary dispatch/export under the customs outward processing procedure other than that referred to under code 25.,008,,,,,,
6121009,01,19-12,61,Reimportation with simultaneous entry for free circulation and home use.,21,Temporary dispatch/export under the customs outward processing procedure other than that referred to under code 25.,009,,,,,,
6121010,01,19-13,61,Reimportation with simultaneous entry for free circulation and home use.,21,Temporary dispatch/export under the customs outward processing procedure other than that referred to under code 25.,010,,,,,,
6121011,22,19-14,61,Reimportation with simultaneous entry for free circulation and home use.,21,Temporary dispatch/export under the customs outward processing procedure other than that referred to under code 25.,011,,,,,,
6121012,22,19-16,61,Reimportation with simultaneous entry for free circulation and home use.,21,Temporary dispatch/export under the customs outward processing procedure other than that referred to under code 25.,012,,,,,,
6121013,01,19-17,61,Reimportation with simultaneous entry for free circulation and home use.,21,Temporary dispatch/export under the customs outward processing procedure other than that referred to under code 25.,013,,,,,,
6121B02,01,19-18,61,Reimportation with simultaneous entry for free circulation and home use.,21,Temporary dispatch/export under the customs outward processing procedure other than that referred to under code 25.,B02,,,,,,
6121B03,01,19-19,61,Reimportation with simultaneous entry for free circulation and home use.,21,Temporary dispatch/export under the customs outward processing procedure other than that referred to under code 25.,B03,,,,,,
6121B04,01,19-20,61,Reimportation with simultaneous entry for free circulation and home use.,21,Temporary dispatch/export under the customs outward processing procedure other than that referred to under code 25.,B04,,,,,,
6122000,01,19-21,61,Reimportation with simultaneous entry for free circulation and home use.,22,Temporary dispatch/export under an outward processing procedure other than those referred to under codes 21 or 25.,000,,,,,,
6122001,01,19-22,61,Reimportation with simultaneous entry for free circulation and home use.,22,Temporary dispatch/export under an outward processing procedure other than those referred to under codes 21 or 25.,001,,,,,,
6123F01,01,19-23,61,Reimportation with simultaneous entry for free circulation and home use.,23,Temporary dispatch/export for return in an unaltered state.,F01,,,,,,
6323F01,01,19-24,63,Reimportation with simultaneous entry for free circulation and home use of goods subject to a zero rated onward supply.,23,Temporary dispatch/export for return in an unaltered state.,F01,,,,,,
6800F01,03,19-26,68,Reimportation with simultaneous entry for free circulation and a warehouse procedure (including deposit in other premises under fiscal control).,00,Special UK only code,F01,,,,,,
6821000,22,19-27,68,Reimportation with simultaneous entry for free circulation and a warehouse procedure (including deposit in other premises under fiscal control).,21,Temporary dispatch/export under the customs outward processing procedure other than that referred to under code 25.,000,,,,,,
7100000,06,20-1,71,Customs warehousing procedure including deposit in other premises under customs control.,00,Special UK only code,000,,,,,,
7100001,06,20-1,71,Customs warehousing procedure including deposit in other premises under customs control.,00,Special UK only code,001,,,,,,
7121000,06,20-2,71,Customs warehousing procedure including deposit in other premises under customs control.,21,Temporary dispatch/export under the customs outward processing procedure other than that referred to under code 25.,000,,,,,,
7151000,06,20-3,71,Customs warehousing procedure including deposit in other premises under customs control.,51,Inward processing procedure (suspension system).,000,,,,,,
7151A04,06,20-3,71,Customs warehousing procedure including deposit in other premises under customs control.,51,Inward processing procedure (suspension system).,A04,,,,,,
7153000,07,20-4,71,Customs warehousing procedure including deposit in other premises under customs control.,53,Import under temporary import procedure. (Temporary Admission),000,,,,,,
7154000,06,20-5,71,Customs warehousing procedure including deposit in other premises under customs control.,54,Goods placed or obtained under the inward processing procedure (suspension system) carried out in another member state (and not released for free circulation there).,000,,,,,,
7171000,22,20-6,71,Customs warehousing procedure including deposit in other premises under customs control.,71,Customs warehousing procedure including deposit in other premises under customs control.,000,,,,,,