1,011,Birmingham Airport ,Admin Block  Cargo Centre  Birmingham International Airport , Birmingham, B26 3QN,52.4496036,-1.751643,Yes
2,033,Bristol and Avonmouth EPU,Custom House  Clayton Street  , Bristol, BS11 9DX,51.5004795,-2.7021187,Yes
3,048,Cardiff Customs ,Cargo Terminal  Cardiff International Airport  , Nr Barry, CF62 3BD,51.3985848,-3.3390996,Yes
4,060,Dover,Import Freight Centre   Eastern Docks ,, CT16 1JB,51.1565959,1.2970268,Yes
5,065,Medway ,Anchorage House   High Street  ,, ME4 4NW,51.383724,0.5194088,Yes
6,071,Felixstowe ,Custom House   View Point Road  ,, IP11 8RF,51.9770602,1.3234959,Yes
7,077,Norwich EPU,Rosebery Court  St Andrews Business Park  ,, NR7 0HZ,52.6363999,1.3428171,Yes
8,080,Hull,Custom House   King George Dock  ,, HU9 5PW,53.7449695,-0.2775889,Yes
9,084,Leeds,Peter Bennett House   Redvers Close , Leeds, LS16 6RQ,53.8396737,-1.6035676,Yes
10,110,Liverpool EPU,1st Floor Queens Dock   Liverpool  ,, L74 4AG,53.3938207,-2.9878683,Yes
11,119,Gatwick Airport ,Timber Ham House   Gatwick Airport  ,, RH6 0E2,51.1688671,-0.1741035,Yes
12,120,Heathrow Airport ,Wayfarer House  Great South West Road  ,, W14 8NP,51.4964278,-0.2085211,Yes
13,121,Stansted,Terminal Building   Stansted Airport  ,, CM24,51.9049501,0.202641,Yes
14,150,Tilbury ,Custom House   Tilbury Docks  ,, RM18 7EJ,51.4588215,0.358564,Yes
15,155,London Gateway ,The Manorway   Stanford-Le-Hope  ,, SS17 9PD,51.5142006,0.4772368,No
16,182,National Imports Duties ,Adjustment Centre   Custom House , Salford, M5 2ZZ,51.5189985,-2.6376376,No
17,190,Immingham ,Custom House   Immingham Dock  ,, DN40 2NA,53.6298319,-0.1879415,Yes
18,191,Manchester EPU,Building 302  Cargo Centre   Manchester Airport , Manchester, M90 5XX,56.1762194,-3.4110364,Yes
19,218,Newcastle ,Custom House   Albert Edward Dock  ,, NE29 6EB,55.0128152,-1.478701,No
20,219,Teesport ,Custom House   Teesport  ,, TS6 7SA,54.6038676,-1.1351462,Yes
21,221,Northampton ,Princess House   Cliftonville Road  ,, NN5 5AD,52.2459081,-0.9421463,No
22,223,Luton Airport EPU ,Luton  ,, LU2 9NJ,51.8803711,-0.3765368,Yes
23,240,Nottingham ,Fitz Roy House  Castle Meadow Road  ,, NG2 1BD,52.945107,-1.1355863,No
24,245,East Midlands Airport ,Castle Donnington   Derby ,, DE74 2SA,52.8264721,-1.3306269,Yes
25,250,Plymouth,Plymouth City Airport   Plymbridge Lane  ,, PL6 8BN,50.4074246,-4.0945382,Yes
26,270,Reading Collectors Office ,Eldon Court  75 London Road  ,, RG1 5BS,51.451692,-0.9598617,Yes
27,290,Southampton EPU ,Compass House   Ordnance Survey Site   Romsey Road , Southampton , SO16 4HP,50.9320837,-1.4500854,Yes
28,291,Poole,Portcullis House  New Harbour Road  , Dorset , BH15 4AJ,50.7095983,-1.9924841,Yes
29,292,Portsmouth ,Norman House   Kettering Terrace  ,, PO2 7AE,50.8099729,-1.08802,Yes
30,293,Southampton Airport ,Compass House   Ordnance Survey Site  , Southampton , SO16 4HP,50.9320837,-1.4500854,Yes
31,295,Newhaven ,Custom House   Newhaven  ,, BN6 0BD,50.9184116,-0.1495101,No
32,410,Aberdeen,Custom House  28 Guild Street  ,, AB11 6GY,57.1452488,-2.0973837,Yes
33,430,Scotland Collectors Office,44 York Place   Edinburgh  ,, EH1 3JW,55.9567301,-3.1892895,No
34,436,Edinburgh Airport ,Spitfire House   Cargo Village   Edinburgh Airport , Edinburgh, EH12 0AL,55.9518313,-3.3507145,Yes
35,443,Prestwick (EPU) L,Iberator House   Prestwick Airport  ,, KA9 2PX,55.50941,-4.6125634,Yes
36,444,Glasgow Airport,No 1 Cargo Terminal   Campsie Drive  , Paisley, PA3 2SR,55.8646529,-4.4320898,Yes
37,470,Isle Of Man EPU,Custom House   North Quay  ,, IM99 1AG,54.2582207,-4.5894942,No
38,511,Northern Ireland Collectors Office ,Design Centre  39 Corporation Street  , Belfast, BT1 3BA,54.6020057,-5.9243411,No
39,515,Belfast EPU,Carne House  20 Corry Place  , Belfast, BT3 9HY,54.6095469,-5.9174994,Yes
40,516,Belfast Airport ,Custom House  Belfast International Airport  , Belfast, BT29 4AA,54.6247482,-6.2182603,Yes
41,650,CFSP Team,Peter Bennett House   Redvers Close  West Park Ring Road , Leeds, LS16 6RQ,53.8396737,-1.6035676,No
42,670,CFSP Team,Peter Bennett House   Redvers Close  West Park Ring Road , Leeds, LS16 6RQ,53.8396737,-1.6035676,No
43,690,CFSP Team,Peter Bennett House   Redvers Close  West Park Ring Road , Leeds, LS16 6RQ,53.8396737,-1.6035676,No
44,731,CFSP Team,Peter Bennett House   Redvers Close  West Park Ring Road , Leeds, LS16 6RQ,53.8396737,-1.6035676,No
45,740,CFSP Team,Peter Bennett House   Redvers Close  West Park Ring Road , Leeds, LS16 6RQ,53.8396737,-1.6035676,No
46,750,CFSP Team,Peter Bennett House   Redvers Close  West Park Ring Road , Leeds, LS16 6RQ,53.8396737,-1.6035676,No
47,751,Scotland Region (CFSP) ,Liberator House   Prestwick Airport  ,, KA9 2PX,55.50941,-4.6125634,No
48,770,CFSP Team,Peter Bennett House   Redvers Close  West Park Ring Road , Leeds, LS16 6RQ,53.8396737,-1.6035676,No
