seaport,England and Wales,Althorpe,TRT,No,
seaport,England and Wales,Amble,BLY,No,
seaport,England and Wales,Appledore,WAT,No,
seaport,England and Wales,Avonmouth,AVO,Yes,
seaport,England and Wales,"Baltic Wharf, Rochford",LON,No,
seaport,England and Wales,Barrow-In-Furness,BAR,Yes,
seaport,England and Wales,Barrow-On-Humber,IMM,No,
seaport,England and Wales,Barry Dock,CDF,No,
seaport,England and Wales,Barton-On-Humber,IMM,No,
seaport,England and Wales,Beckingham,TRT,No,
seaport,England and Wales,Berwick,BLY,No,
seaport,England and Wales,Bideford,WAT,No,
seaport,England and Wales,Birkenhead,LIV,No,
seaport,England and Wales,Blyth,BLY,Yes,
seaport,England and Wales,Boston,BOS,Yes,
seaport,England and Wales,Bridgwater,WAT,No,
seaport,England and Wales,Bridlington,HUL,No,
seaport,England and Wales,Bridport,WEY,No,
seaport,England and Wales,Brightlingsea,COL,No,
seaport,England and Wales,Briton Ferry,PTB,No,
seaport,England and Wales,Brixham,TNM,No,
seaport,England and Wales,Burnham-on-Crouch,COL,No,
seaport,England and Wales,Burton Stather,TRT,No,
seaport,England and Wales,Caernarfon,LLA,No,
seaport,England and Wales,Cardiff,CDF,Yes,
seaport,England and Wales,Charlestown,FOY,No,
seaport,England and Wales,Chepstow,NPT,No,
seaport,England and Wales,Colchester,COL,Yes,
seaport,England and Wales,Cowes,COW,Yes,
seaport,England and Wales,Dartmouth,TNM,No,
seaport,England and Wales,Dover,DOV,Yes,
seaport,England and Wales,Ellesmere Port,ELL,Yes,
seaport,England and Wales,Exeter,EXE,Yes,
seaport,England and Wales,Exmouth,EXE,No,
seaport,England and Wales,Falmouth,FAL,Yes,
seaport,England and Wales,Faversham,WTS,No,
seaport,England and Wales,Felixstowe,FXT,Yes,
seaport,England and Wales,Fingringhoe,COL,No,
seaport,England and Wales,Fishguard,FIS,Yes,
seaport,England and Wales,Fleetwood,FLE,Yes,
seaport,England and Wales,Flixborough Wharf,TRT,No,
seaport,England and Wales,Fowey,FOY,Yes,
seaport,England and Wales,Gainsborough,TRT,No,
seaport,England and Wales,Garston,LIV,No,
seaport,England and Wales,Glasson Dock,HEY,No,
seaport,England and Wales,Gloucester,SSS,No,
seaport,England and Wales,Goole,GOO,Yes,
seaport,England and Wales,Great Yarmouth,GTY,Yes,
seaport,England and Wales,Grimsby,GRI,Yes,
seaport,England and Wales,Grove Wharves,TRT,No,
seaport,England and Wales,Guness Wharf,TRT,No,
seaport,England and Wales,Hartlepool,HTP,Yes,
seaport,England and Wales,Harwich,HRH,Yes,
seaport,England and Wales,Heysham,HEY,Yes,
seaport,England and Wales,Holehaven,LON,No,
seaport,England and Wales,Holyhead,HLD,Yes,
seaport,England and Wales,Howdendyke,GOO,No,
seaport,England and Wales,Hull,HUL,Yes,
seaport,England and Wales,Immingham,IMM,Yes,
seaport,England and Wales,Ipswich,IPS,Yes,
seaport,England and Wales,Keadby,TRT,No,
seaport,England and Wales,Kings Lynn,KLN,Yes,
seaport,England and Wales,Lancaster,HEY,No,
seaport,England and Wales,Leigh-On-Sea,LON,No,
seaport,England and Wales,Littlehampton,SHO,No,
seaport,England and Wales,Liverpool,LIV,Yes,
seaport,England and Wales,Llanddulas,LLA,Yes,
seaport,England and Wales,Llanelli,SWA,No,
seaport,England and Wales,London,LON,Yes,
seaport,England and Wales,London Gateway,LGP,Yes,
seaport,England and Wales,Lowestoft,LOW,Yes,
seaport,England and Wales,Lymington,STN,No,
seaport,England and Wales,Maldon,COL,No,
seaport,England and Wales,Manchester,MNC,Yes,
seaport,England and Wales,Medway,MED,Yes,
seaport,England and Wales,Middlesbrough,MID,Yes,
seaport,England and Wales,Milford,MIL,Yes,
seaport,England and Wales,Millom,BAR,No,
seaport,England and Wales,Mistley,HRH,No,
seaport,England and Wales,Mostyn,MOS,Yes,
seaport,England and Wales,Neap House,TRT,No,
seaport,England and Wales,Neath Abbey,PTB,No,
seaport,England and Wales,Newcastle,TYN,No,
seaport,England and Wales,Newhaven,NHV,Yes,
seaport,England and Wales,New Holland,IMM,No,
seaport,England and Wales,Newlyn,PEN,No,
seaport,England and Wales,"Newport, Gwent",NPT,Yes,
seaport,England and Wales,North Shields,TYN,No,
seaport,England and Wales,Northwich,NTH,Yes,
seaport,England and Wales,Norwich,NOR,Yes,
seaport,England and Wales,Padstow,PLY,No,
seaport,England and Wales,Par,PAR,Yes,
seaport,England and Wales,Parkeston Quay,HRH,No,
seaport,England and Wales,Partington,MNC,No,
seaport,England and Wales,Pembroke Ferry,MIL,No,
seaport,England and Wales,Pembroke (Oils) So,MIL,No,
seaport,England and Wales,Pembroke Epu,MIL,No,
seaport,England and Wales,Penryn,FAL,No,
seaport,England and Wales,Penzance,PEN,Yes,
seaport,England and Wales,Plymouth,PLY,Yes,
seaport,England and Wales,Point Bid,TRT,No,
seaport,England and Wales,Poole,POO,Yes,
seaport,England and Wales,Port Penrhyn,LLA,No,
seaport,England and Wales,Portishead,AVO,No,
seaport,England and Wales,Portland,PTL,No,
seaport,England and Wales,Portsmouth,PTM,Yes,
seaport,England and Wales,Port Talbot,PTB,Yes,
seaport,England and Wales,Queenborough,MED,No,
seaport,England and Wales,Ramsgate,RMG,Yes,
seaport,England and Wales,Rhyl,MOS,No,
seaport,England and Wales,Ridham Dock,MED,No,
seaport,England and Wales,Rochester,MED,No,
seaport,England and Wales,Rochford,LON,No,
seaport,England and Wales,Rowhedge,COL,No,
seaport,England and Wales,Royal Portbury Dock,AVO,No,
seaport,England and Wales,Runcorn,RUN,Yes,
seaport,England and Wales,Rye,FOL,No,
seaport,England and Wales,Scarborough,SCA,Yes,
seaport,England and Wales,Scunthorpe,TRT,No,
seaport,England and Wales,Seaham,SUN,No,
seaport,England and Wales,Selby,GOO,No,
seaport,England and Wales,Sharpness,SSS,Yes,
seaport,England and Wales,Sheerness,MED,No,
seaport,England and Wales,Shoreham,SHO,Yes,
seaport,England and Wales,Shotton,MOS,No,
seaport,England and Wales,Silloth,SIL,Yes,
seaport,England and Wales,Southampton,STN,Yes,
seaport,England and Wales,Southend (Corporation Jetty),LON,No,
seaport,England and Wales,South Shields,TYN,No,
seaport,England and Wales,Sunderland,SUN,Yes,
seaport,England and Wales,Swansea,SWA,Yes,
seaport,England and Wales,Teesport,MID,No,
seaport,England and Wales,Teignmouth,TNM,Yes,
seaport,England and Wales,Tilbury,LON,No,
seaport,England and Wales,Thames Europort,TEP,Yes,
seaport,England and Wales,Thamesport,THP,Yes,
seaport,England and Wales,Topsham,EXE,No,
seaport,England and Wales,Torquay,TNM,No,
seaport,England and Wales,Trent,TRT,Yes,
seaport,England and Wales,Truro,FAL,No,
seaport,England and Wales,Tyne,TYN,Yes,
seaport,England and Wales,Warrington,RUN,No,
seaport,England and Wales,Watchet,WAT,Yes,
seaport,England and Wales,Wells,NOR,No,
seaport,England and Wales,Weymouth,WEY,Yes,
seaport,England and Wales,Whitby,WTB,Yes,
seaport,England and Wales,Whitehaven,WHV,Yes,
seaport,England and Wales,Whitstable,WTS,Yes,
seaport,England and Wales,Wisbech,WIS,Yes,
seaport,England and Wales,Wivenhoe,COL,No,
seaport,England and Wales,Workington,WOR,Yes,
seaport,Isle of Man,Castletown,DGS,No,
seaport,Isle of Man,Douglas,DGS,Yes,
seaport,Isle of Man,Peel,DGS,No,
seaport,Isle of Man,Ramsey,DGS,No,
seaport,Channel Islands,St Helier,JSY,No,
seaport,Channel Islands,St Peter Port,GSY,No,
seaport,Scotland,Aberdeen,ABD,Yes,
seaport,Scotland,Annan,GRK,No,
seaport,Scotland,Arbroath,DUN,No,
seaport,Scotland,Ardrossan,ARD,Yes,
seaport,Scotland,Ayr,AYR,Yes,
seaport,Scotland,Barcaldine,GRK,No,
seaport,Scotland,Braefoot Bay,GRG,No,
seaport,Scotland,Bowling,GLW,No,
seaport,Scotland,Buckie,FRB,No,
seaport,Scotland,Burghead,INV,No,
seaport,Scotland,Burntisland,GRG,No,
seaport,Scotland,Campbeltown,GRK,No,
seaport,Scotland,"Corpach, Incl Annat Pier",INV,No,
seaport,Scotland,Dundee,DUN,Yes,
seaport,Scotland,Faslane,GRK,No,
seaport,Scotland,Finnart,GRK,No,
seaport,Scotland,Fraserburgh,FRB,Yes,
seaport,Scotland,Furnace,GRK,No,
seaport,Scotland,Garlieston,GRK,No,
seaport,Scotland,Girvan,AYR,No,
seaport,Scotland,Glasgow,GLW,Yes,
seaport,Scotland,Grangemouth,GRG,Yes,
seaport,Scotland,Greenock,GRK,Yes,
seaport,Scotland,Hound Point Terminal,HPT,Yes,
seaport,Scotland,Hunterston,GRK,No,
seaport,Scotland,Invergordon,INV,No,
seaport,Scotland,Inverkeithing,GRG,No,
seaport,Scotland,Inverness,INV,Yes,
seaport,Scotland,Irvine,IRV,Yes,
seaport,Scotland,Islay,GRK,No,
seaport,Scotland,Kirkcaldy,KKD,Yes,
seaport,Scotland,Kirkwall,KWL,Yes,
seaport,Scotland,Leith,LEI,Yes,
seaport,Scotland,Lerwick,LER,Yes,
seaport,Scotland,Lochaline,INV,No,
seaport,Scotland,Lossiemouth,INV,No,
seaport,Scotland,Macduff,FRB,No,
seaport,Scotland,Methil,GRG,No,
seaport,Scotland,Montrose,MON,Yes,
seaport,Scotland,Oban,GRK,No,
seaport,Scotland,Palnackie,GRK,No,
seaport,Scotland,Perth,DUN,No,
seaport,Scotland,Peterhead,PHD,Yes,
seaport,Scotland,Rosyth,ROS,Yes,
seaport,Scotland,Scalloway,LER,No,
seaport,Scotland,Scrabster,INV,No,
seaport,Scotland,Stornoway,STO,Yes,
seaport,Scotland,Stranraer,GRK,No,
seaport,Scotland,Stromness,KWL,No,
seaport,Scotland,Tayport,DUN,No,
seaport,Scotland,Ullapool,INV,No,
seaport,Scotland,Wick,INV,No,
seaport,Northern Ireland,Belfast,BEL,Yes,
seaport,Northern Ireland,Coleraine,CLR,Yes,
seaport,Northern Ireland,Larne,BEL,No,
seaport,Northern Ireland,Londonderry,LDY,Yes,
seaport,Northern Ireland,Portrush,CLR,No,
seaport,Northern Ireland,Warrenpoint,WPT,Yes,
airport,,Aberdeen Airport,ABZ,,Designated airport
airport,,Belfast International Airport,BFS,,Designated airport
airport,,Biggin Hill Airport,BQH,,Designated airport
airport,,Birmingham Airport,BHX,,Designated airport
airport,,Blackpool International Airport,BLK,,Designated airport
airport,,Bournemouth (Hurn) Airport,BOH,,Designated airport
airport,,Bristol Airport,BRS,,Designated airport
airport,,Cambridge Airport,CBG,,Designated airport
airport,,Cardiff (Wales) Airport,CWL,,Designated airport
airport,,Coventry Airport,CVT,,Designated airport
airport,,Durham Tees Valley (Teesside) Airport,MME,,Designated airport
airport,,East Midlands Airport,EMA,,Designated airport
airport,,Edinburgh Airport,EDI,,Designated airport
airport,,Exeter Airport,EXT,,Designated airport
airport,,Farnborough Airport,FAB,,Designated airport
airport,,Filton Aerodrome (Bristol),FZO,,Designated airport
airport,,Glasgow Airport,GLA,,Designated airport
airport,,Humberside International Airport,HUY,,Designated airport
airport,,Leeds Bradford Airport,LBA,,Designated airport
airport,,Liverpool John Lennon Airport,LPL,,Designated airport
airport,,London Ashford (Lydd) Airport,LYD,,Designated airport
airport,,London City Airport,LCY,,Designated airport
airport,,London Gatwick Airport,LCW,,Designated airport
airport,,London Heathrow Airport,LHR,,Designated airport
airport,,London Luton Airport,LTN,,Designated airport
airport,,London Stansted Airport,LSA,,Designated airport
airport,,Manchester Airport,MAN,,Designated airport
airport,,Manston Airport,MSE,,Designated airport
airport,,Newcastle Airport,NCL,,Designated airport
airport,,Newquay Airport,NQY,,Designated airport
airport,,Norwich Airport,NWI,,Designated airport
airport,,Plymouth Airport,PLH,,Designated airport
airport,,Prestwick Airport,PIK,,Designated airport
airport,,Ronaldsway Airport (Isle of Man),RWY,,Designated airport
airport,,Shoreham Airport,ESH,,Designated airport
airport,,Southampton (Eastleigh) Airport,SOU,,Designated airport
airport,,Southend Airport,SEN,,Designated airport
airport,,Sumburgh Airport (Shetland),LSI,,Designated airport
airport,,George Best Belfast City Airport,BHD,,Non-designated airport
airport,,Gloucester (Staverton) Airport 1,GLO,,Non-designated airport
airport,,Kemble Airport 1,KEM,,Non-designated airport
airport,,Lasham Airport 1,LAS,,Non-designated airport
airport,,Oxford Airport (Kidlington) 1,OAK,,Non-designated airport
airport,,Robin Hood Doncaster Sheffield,DSA,,Non-designated airport
airport,,Stornoway Airport 1,STY,,Non-designated airport
airport,,Warton Aerodrome,WAR,,Non-designated airport
airport,,Brize Norton,BZN,,Military airfield
airport,,Fairford,FFD,,Military airfield
airport,,Feltwell,FLT,,Military airfield
airport,,Lakenheath,LKH,,Military airfield
airport,,Lyneham,LYH,,Military airfield
airport,,Menwith Hill,MWH,,Military airfield
airport,,Mildenhall,MDH,,Military airfield
airport,,Moleshill,MLS,,Military airfield
depot,,Associated Haulage (Liverpool) Ltd (AWD Ltd),OAD,,
depot,,Manchester International Freight Terminal,MIF,,
depot,,Railfreight Distribution Ltd,MFR,,
depot,,Torque Logistics Limited,ELF,,
depot,,All other approved depots not listed above,OAD,,
free zone,,Isle of Man free zone,FZX,,
collector's office,,Anglia Collector's Office,ANC,,
collector's office,,Central England Collector's Office,BIC,,
collector's office,,Eastern England Collector's Office,NOC,,
collector's office,,London Airports Collector's Office,LAP,,
collector's office,,London Central Collector's Office,LNC,,
collector's office,,Northern England Collector's Office,NNC,,
collector's office,,Northern Ireland Collector's Office,BFC,,
collector's office,,North West Collector's Office,LDC,,
collector's office,,Scotland Collector's Office,EDC,,
collector's office,,South East England Collector's Office,DVC,,
collector's office,,Southern England Collector's Office,ZWC,,
collector's office,,South London and Thames Collector's Office,LAC,,
collector's office,,Thames Valley Collector's Office,RDC,,
collector's office,,"Wales, West and Borders Collector's Office",SWC,,
overseas mail office,,Coventry International Postal Hub,CIH,,
overseas mail office,,Lomo,LOM,,
overseas mail office,,Mount Pleasant Depot,MPD,,
