iekey,string,
imptrturn,string,
fedate,string,
imptrpostcode,string,
acptncdate,string,
clrncdate,string,
dtofent,string,
ietype,string,
declnmthd,string,
premid,string,
dispcntry,string,
impentno,string,
cstuncode,string,
epuno,string,
epsid,string,
itemcnt,"decimal(22,2)",
decltturn,string,
declntype,string,
payagntturn,string,
cnsgrtrnc,string,
plauldg,string,
roe,string,
cstmsvalue,"decimal(22,2)",
invtot,"decimal(22,2)",
ietotvat,"decimal(22,2)",
ietotduty,"decimal(22,2)",
decltrep,string,
declnucr,string,
declnpartno,string,
masterucr,string,
acptncepuno,string,
acptncepsid,string,
sessno,int,
txnid,string,
imptrturncc,string,
decltturncc,string,
premtype,string,
cnsgrturncc,string,
cnsgrturn,string,
da_iv_id,string,
edh_da_file_date,string,
standard_edh_da_file_date,string,
edh_da_sequence_number,string,
edh_da_load_date,string,
edh_da_health_warning,string,
edh_da_purge_date,string,
standard_fedate,string,
standard_acptncdate,string,
standard_clrncdate,string,
standard_dtofent,string,
